CLASS,LABEL,ERROR,LATENT_DISTANCE,EMBEDDING_DISTANCE,TYPE_DATASET
Kicking,6,171.72858,7.372123,21.397495,TRAIN
Swing-SideAngle,1,289.91544,3.678579,18.457014,TRAIN
Kicking,6,140.38266,11.32391,23.436388,TRAIN
Run-Side,0,235.27803,7.2709417,26.239029,TRAIN
Swing-SideAngle,1,165.2299,6.03843,17.743301,TRAIN
Riding-Horse,3,180.48837,7.460373,20.621828,TRAIN
Diving-Side,5,187.38725,6.3762226,18.677332,TRAIN
Swing-SideAngle,1,209.39078,3.4861927,16.59183,TRAIN
Swing-SideAngle,1,237.20847,3.0670595,17.19758,TRAIN
Diving-Side,5,209.32153,6.9854226,18.873413,TRAIN
Run-Side,0,267.0213,5.08039,19.994528,TRAIN
Swing-Bench,2,70.969154,7.634241,16.014883,TRAIN
Golf-Swing,4,188.5083,8.8722,19.316044,TRAIN
Golf-Swing,4,330.4582,4.5344744,19.900492,TRAIN
Swing-Bench,2,119.5271,5.5698605,16.314844,TRAIN
Swing-SideAngle,1,213.93616,4.220858,17.668406,TRAIN
Swing-SideAngle,1,268.346,5.131753,19.133308,TRAIN
Golf-Swing,4,246.22827,4.3860316,17.469824,TRAIN
Swing-Bench,2,243.03711,6.352984,19.60528,TRAIN
Swing-Bench,2,168.98334,4.967064,18.219765,TRAIN
Kicking,6,214.94661,5.9071245,19.591063,TRAIN
Riding-Horse,3,288.76328,7.021864,22.369291,TRAIN
Golf-Swing,4,291.65933,4.0746007,18.44439,TRAIN
Golf-Swing,4,151.2793,9.855536,21.937397,TRAIN
Kicking,6,179.2265,8.28078,20.867023,TRAIN
Riding-Horse,3,196.0018,6.603264,18.004099,TRAIN
Diving-Side,5,394.31952,3.7291555,20.768618,TRAIN
Riding-Horse,3,241.23541,5.888327,20.235085,TRAIN
Golf-Swing,4,268.60065,5.0566926,18.392778,TRAIN
Kicking,6,328.7973,7.1230965,25.251833,TRAIN
Riding-Horse,3,156.21463,8.012969,18.372313,TRAIN
Swing-SideAngle,1,379.75714,4.9645724,22.492073,TRAIN
Swing-SideAngle,1,350.32037,2.8475952,19.06013,TRAIN
Kicking,6,290.9188,7.7448077,24.67142,TRAIN
Golf-Swing,4,176.37749,7.2879415,16.72445,TRAIN
Swing-Bench,2,111.86651,5.4848084,17.039358,TRAIN
Swing-SideAngle,1,163.17162,4.162427,16.122278,TRAIN
Golf-Swing,4,517.30286,6.2716975,30.057762,TRAIN
Kicking,6,329.3562,6.610072,22.42672,TRAIN
Golf-Swing,4,278.5582,7.6203203,22.917797,TRAIN
Diving-Side,5,80.59127,5.522798,13.16389,TRAIN
Diving-Side,5,98.995316,6.264613,14.722175,TRAIN
Swing-SideAngle,1,203.13028,3.8391972,17.88506,TRAIN
Swing-Bench,2,212.04861,5.507266,17.566978,TRAIN
Swing-Bench,2,153.73836,4.7535057,15.56042,TRAIN
Riding-Horse,3,199.80536,8.403401,19.401596,TRAIN
Riding-Horse,3,129.30794,5.722623,16.082485,TRAIN
Golf-Swing,4,295.10547,4.140984,19.14371,TRAIN
Kicking,6,298.24908,8.316292,23.059385,TRAIN
Swing-Bench,2,84.301025,7.4727416,15.859925,TRAIN
Run-Side,0,258.3059,5.677675,20.269829,TRAIN
Diving-Side,5,179.53609,3.595292,14.908549,TRAIN
Golf-Swing,4,233.61417,4.3608823,16.945044,TRAIN
Diving-Side,5,289.96124,10.687968,28.290121,TRAIN
Swing-Bench,2,264.83438,7.401418,22.139511,TRAIN
Diving-Side,5,210.42862,4.7964983,17.304207,TRAIN
Kicking,6,251.3079,7.502608,22.493746,TRAIN
Run-Side,0,201.737,9.611818,25.975183,TRAIN
Swing-Bench,2,156.87964,4.9493923,18.119743,TRAIN
Kicking,6,287.02612,4.8876786,21.69191,TRAIN
Golf-Swing,4,348.1263,5.467828,20.818832,TRAIN
Riding-Horse,3,190.5019,7.3727107,20.167572,TRAIN
Swing-SideAngle,1,168.44962,5.3958044,17.518688,TRAIN
Diving-Side,5,187.97156,7.649537,19.121906,TRAIN
Diving-Side,5,192.78302,8.166537,21.073235,TRAIN
Kicking,6,381.8361,7.3923955,25.497606,TRAIN
Kicking,6,179.23529,8.484527,22.151134,TRAIN
Kicking,6,165.30824,11.439506,24.793509,TRAIN
Riding-Horse,3,273.1192,7.4662557,23.956865,TRAIN
Run-Side,0,328.97,7.3800755,27.955517,TRAIN
Swing-SideAngle,1,302.16046,4.1676154,18.366055,TRAIN
Swing-Bench,2,234.4346,7.1495204,19.489145,TRAIN
Golf-Swing,4,247.62076,3.9428272,17.361296,TRAIN
Golf-Swing,4,209.65396,5.7130065,16.361862,TRAIN
Diving-Side,5,186.19878,5.0268583,17.257442,TRAIN
Run-Side,0,360.46805,6.8643956,25.09079,TRAIN
Kicking,6,160.67047,9.8283205,22.35279,TRAIN
Swing-SideAngle,1,213.04234,4.6465964,18.686483,TRAIN
Riding-Horse,3,144.7379,7.816342,20.815786,TRAIN
Run-Side,0,226.80241,6.720615,24.776949,TRAIN
Kicking,6,402.64236,9.12313,26.978882,TRAIN
Swing-SideAngle,1,178.56049,5.4838896,18.258947,TRAIN
Swing-SideAngle,1,191.80867,4.760634,16.785547,TRAIN
Run-Side,0,155.85704,6.8000636,18.875666,TRAIN
Kicking,6,494.65085,3.9501057,23.654268,TRAIN
Kicking,6,308.35388,9.537076,26.754915,TRAIN
Riding-Horse,3,180.60364,7.2676663,19.09262,TRAIN
Run-Side,0,147.3448,6.6735573,18.817537,TRAIN
Swing-Bench,2,161.56393,6.1606216,18.957317,TRAIN
Diving-Side,5,141.94727,3.6888902,13.337399,TRAIN
Kicking,6,348.4566,5.816198,22.567099,TRAIN
Golf-Swing,4,273.83905,2.5731535,17.520569,TRAIN
Golf-Swing,4,405.26257,4.2708,21.639326,TRAIN
Riding-Horse,3,211.81934,5.094825,17.282595,TRAIN
Golf-Swing,4,479.91116,4.880759,24.376207,TRAIN
Riding-Horse,3,143.24084,9.0951605,19.789934,TRAIN
Run-Side,0,265.1933,7.6133757,27.394596,TRAIN
Swing-SideAngle,1,343.79285,3.8251195,20.192211,TRAIN
Swing-SideAngle,1,139.12216,7.715553,18.043934,TRAIN
Run-Side,0,310.63275,6.2149444,25.360003,TRAIN
Riding-Horse,3,269.50433,3.7126641,18.941624,TRAIN
Swing-SideAngle,1,200.54437,5.5404162,19.025625,TRAIN
Swing-SideAngle,1,161.88411,5.637444,18.118261,TRAIN
Riding-Horse,3,289.37854,7.3091106,21.806973,TRAIN
Run-Side,0,196.53918,5.5652175,19.122372,TRAIN
Diving-Side,5,134.47789,4.7968516,14.288097,TRAIN
Swing-SideAngle,1,218.97578,5.9560456,18.35088,TRAIN
Diving-Side,5,116.2374,6.1903715,14.619136,TRAIN
Diving-Side,5,180.73871,4.600835,16.320454,TRAIN
Riding-Horse,3,460.36932,5.554411,23.962105,TRAIN
Run-Side,0,234.58423,5.2588267,19.540089,TRAIN
Swing-SideAngle,1,136.91724,4.2039533,15.160765,TRAIN
Diving-Side,5,132.47246,5.2438984,14.279803,TRAIN
Swing-Bench,2,191.26595,6.9596553,17.523472,TRAIN
Riding-Horse,3,120.79505,8.252742,18.700928,TRAIN
Golf-Swing,4,337.19196,3.6453702,18.898172,TRAIN
Riding-Horse,3,361.1177,6.262784,24.523031,TRAIN
Swing-Bench,2,69.82032,7.369972,14.98646,TRAIN
Riding-Horse,3,212.56743,8.530807,23.353085,TRAIN
Run-Side,0,257.5863,7.7500296,26.563574,TRAIN
Run-Side,0,190.89758,6.8995533,19.018068,TRAIN
Golf-Swing,4,461.4227,5.159138,23.19658,TRAIN
Diving-Side,5,343.88455,6.037627,21.65148,TRAIN
Diving-Side,5,101.00894,6.2869782,13.649749,TRAIN
Swing-Bench,2,478.68768,4.821335,25.692574,TRAIN
Golf-Swing,4,354.12567,7.447269,24.173615,TRAIN
Swing-SideAngle,1,138.92313,4.847297,16.771013,TRAIN
Swing-Bench,2,131.31764,5.846172,15.35723,TRAIN
Riding-Horse,3,227.1745,3.9535913,17.41503,TRAIN
Kicking,6,135.09575,10.854769,23.92501,TRAIN
Run-Side,0,147.1399,7.056273,24.603638,TRAIN
Swing-SideAngle,1,248.49948,4.3522077,18.071142,TRAIN
Diving-Side,5,218.78534,10.8090315,24.836485,TRAIN
Diving-Side,5,224.15747,3.8002617,16.87669,TRAIN
Diving-Side,5,134.28194,6.21674,15.320118,TRAIN
Swing-Bench,2,305.49432,4.0479727,19.695053,TRAIN
Kicking,6,327.0231,7.003649,24.69346,TRAIN
Golf-Swing,4,265.82874,4.2335095,17.440632,TRAIN
Swing-SideAngle,1,138.17932,4.5624747,16.191467,TRAIN
Riding-Horse,3,278.58905,5.985077,20.491121,TRAIN
Swing-Bench,2,182.75726,7.6268992,19.569166,TRAIN
Riding-Horse,3,421.06256,6.687967,26.580774,TRAIN
Swing-Bench,2,170.38185,5.970778,16.901342,TRAIN
Golf-Swing,4,159.2986,6.0287967,16.649267,TRAIN
Swing-Bench,2,180.6335,6.6881337,18.168512,TRAIN
Kicking,6,266.32855,7.414912,24.58236,TRAIN
Golf-Swing,4,271.29266,7.884091,23.993294,TRAIN
Swing-Bench,2,285.98743,3.6675236,20.343424,TRAIN
Swing-Bench,2,265.1128,5.279208,21.19528,TRAIN
Swing-Bench,2,176.5014,7.0540485,18.798735,TRAIN
Diving-Side,5,237.35155,4.333733,18.672707,TRAIN
Diving-Side,5,195.3859,4.4200287,16.485258,TRAIN
Riding-Horse,3,128.1826,7.4224815,17.799297,TRAIN
Diving-Side,5,338.71072,4.3654675,19.130625,TRAIN
Kicking,6,235.64911,7.589571,23.68187,TRAIN
Swing-Bench,2,133.42494,6.7491364,16.959562,TRAIN
Diving-Side,5,204.54297,3.375766,15.757215,TRAIN
Run-Side,0,182.63507,8.80544,26.02415,TRAIN
Swing-SideAngle,1,172.53752,5.7822847,17.279573,TRAIN
Golf-Swing,4,493.23495,5.801306,24.63603,TRAIN
Golf-Swing,4,184.54253,4.6671596,15.306162,TRAIN
Run-Side,0,334.6372,6.5944347,25.299889,TRAIN
Diving-Side,5,213.92249,3.5959692,15.993411,TRAIN
Swing-Bench,2,137.59021,8.360102,19.22044,TRAIN
Diving-Side,5,228.57156,4.070917,16.653782,TRAIN
Swing-SideAngle,1,208.25607,5.2192116,17.171864,TRAIN
Swing-SideAngle,1,290.25153,3.4209828,19.14464,TRAIN
Riding-Horse,3,164.60522,7.92622,21.181484,TRAIN
Swing-SideAngle,1,225.01814,4.9802155,18.763906,TRAIN
Swing-Bench,2,327.02838,8.223872,24.310743,TRAIN
Kicking,6,252.64716,7.4897723,21.654718,TRAIN
Riding-Horse,3,255.96848,6.8553815,19.181787,TRAIN
Riding-Horse,3,195.21925,8.528077,18.161163,TRAIN
Kicking,6,454.90335,4.7415905,26.690351,TRAIN
Golf-Swing,4,427.35165,3.212002,21.775557,TRAIN
Riding-Horse,3,276.4481,7.6232786,23.199322,TRAIN
Kicking,6,163.32932,9.179239,22.030605,TRAIN
Golf-Swing,4,242.87138,6.9698744,19.043262,TRAIN
Riding-Horse,3,169.2295,4.480649,17.432884,TRAIN
Kicking,6,206.6387,10.59727,24.970203,TRAIN
Diving-Side,5,115.35126,5.2506466,14.44402,TRAIN
Swing-SideAngle,1,250.37776,5.374079,18.218487,TRAIN
Riding-Horse,3,213.5265,5.4856944,17.881899,TRAIN
Swing-Bench,2,161.02162,7.780119,18.374685,TRAIN
Diving-Side,5,323.82825,9.862342,29.14608,TRAIN
Swing-Bench,2,118.512024,6.4777374,18.000854,TRAIN
Swing-SideAngle,1,139.13748,4.6199765,16.152054,TRAIN
Run-Side,0,449.30865,5.362966,25.948662,TRAIN
Riding-Horse,3,345.54767,6.2507486,23.309519,TRAIN
Golf-Swing,4,315.11884,3.9333968,19.019115,TRAIN
Riding-Horse,3,531.9937,5.6127806,25.55086,TRAIN
Diving-Side,5,396.84192,5.4871936,22.378819,TRAIN
Swing-Bench,2,94.442474,7.4401608,17.09176,TRAIN
Run-Side,0,199.79594,5.8027387,19.547283,TRAIN
Swing-Bench,2,307.97208,5.8705435,19.693562,TRAIN
Diving-Side,5,273.36954,9.592644,24.489124,TRAIN
Run-Side,0,213.75145,7.8853974,25.928694,TRAIN
Run-Side,0,203.72719,6.2113857,19.854916,TRAIN
Run-Side,0,214.37634,4.4790206,18.5466,TRAIN
Kicking,6,219.505,6.602883,20.047735,TRAIN
Golf-Swing,4,182.52011,5.99945,17.382324,TRAIN
Swing-Bench,2,119.23368,6.9023275,17.677376,TRAIN
Swing-Bench,2,155.92557,6.5845075,17.135113,TRAIN
Golf-Swing,4,189.7845,4.1274586,15.833672,TRAIN
Swing-SideAngle,1,220.41824,4.278172,17.992937,TRAIN
Kicking,6,130.14111,10.26286,20.975605,TRAIN
Swing-SideAngle,1,295.54596,3.4770772,18.394241,TRAIN
Swing-Bench,2,337.85406,6.4451375,21.45988,TRAIN
Swing-SideAngle,1,354.21344,3.3727262,19.2786,TRAIN
Golf-Swing,4,270.4566,4.628533,18.546562,TRAIN
Riding-Horse,3,451.15408,6.2627716,24.65,TRAIN
Run-Side,0,235.74416,7.8471212,25.831211,TRAIN
Swing-SideAngle,1,139.61421,7.183237,17.39351,TRAIN
Swing-Bench,2,117.54379,4.9388847,15.252557,TRAIN
Golf-Swing,4,334.2106,3.3944175,19.211868,TRAIN
Run-Side,0,219.716,9.071088,25.311357,TRAIN
Diving-Side,5,137.75256,5.654944,14.995213,TRAIN
Golf-Swing,4,160.3064,9.506952,18.939407,TRAIN
Kicking,6,148.48453,13.504509,25.140999,TRAIN
Run-Side,0,281.2646,6.366695,24.784029,TRAIN
Golf-Swing,4,241.56354,5.3872695,17.439117,TRAIN
Swing-Bench,2,171.93018,6.3729143,17.42157,TRAIN
Diving-Side,5,154.5694,4.400221,14.826058,TRAIN
Riding-Horse,3,282.28464,3.9605386,18.094934,TRAIN
Diving-Side,5,219.1218,3.2304301,16.367159,TRAIN
Golf-Swing,4,283.09027,3.6177766,17.950788,TRAIN
Swing-Bench,2,185.06558,7.2781644,18.483591,TRAIN
Run-Side,0,370.34015,5.5375853,26.339233,TRAIN
Golf-Swing,4,188.67093,5.410802,17.489012,TRAIN
Swing-SideAngle,1,180.2904,5.8480463,17.141497,TRAIN
Swing-Bench,2,179.57648,6.1852036,16.879173,TRAIN
Kicking,6,175.03564,8.212313,21.419287,TRAIN
Swing-SideAngle,1,99.75717,7.881077,17.169634,TRAIN
Diving-Side,5,216.48634,3.9713833,16.343626,TRAIN
Diving-Side,5,225.49191,7.25427,19.776684,TRAIN
Run-Side,0,266.8278,9.2656975,26.893103,TRAIN
Diving-Side,5,138.90793,4.006842,13.370713,TRAIN
Run-Side,0,208.43077,4.890191,19.255789,TRAIN
Run-Side,0,261.70282,4.4920278,19.98097,TRAIN
Riding-Horse,3,195.94879,6.752116,18.212086,TRAIN
Golf-Swing,4,332.4938,3.149331,18.93029,TRAIN
Diving-Side,5,287.03973,3.1530042,17.47008,TRAIN
Diving-Side,5,131.00447,7.026517,17.201166,TRAIN
Riding-Horse,3,108.359406,6.209242,16.645405,TRAIN
Kicking,6,291.5392,7.2016764,24.194555,TRAIN
Golf-Swing,4,383.72723,4.309198,22.143763,TRAIN
Kicking,6,143.36946,10.771828,23.839954,TRAIN
Diving-Side,5,194.61455,5.7997828,16.874342,TRAIN
Golf-Swing,4,213.48788,9.337821,20.174263,TRAIN
Riding-Horse,3,141.17522,5.8099804,17.598534,TRAIN
Swing-SideAngle,1,280.0251,2.8270657,18.42492,TRAIN
Run-Side,0,146.54149,8.219645,19.69758,TRAIN
Swing-SideAngle,1,184.26996,5.1339464,18.028088,TRAIN
Kicking,6,335.0434,6.141848,24.909296,TRAIN
Diving-Side,5,85.37404,5.8843026,14.024208,TRAIN
Kicking,6,330.08386,6.2621617,22.19376,TRAIN
Riding-Horse,3,192.11078,5.3730917,17.004856,TRAIN
Golf-Swing,4,160.71083,6.503196,16.689472,TRAIN
Run-Side,0,258.09985,4.046193,19.03436,TRAIN
Swing-SideAngle,1,142.02423,6.032803,16.379519,TRAIN
Swing-SideAngle,1,163.93532,4.419963,16.380438,TRAIN
Swing-Bench,2,207.42368,5.5439205,18.027437,TRAIN
Swing-SideAngle,1,271.58673,2.909412,17.5719,TRAIN
Swing-Bench,2,186.23471,6.8707504,18.749842,TRAIN
Diving-Side,5,134.18698,4.344019,13.922744,TRAIN
Swing-Bench,2,261.44403,5.2933316,19.54573,TRAIN
Golf-Swing,4,274.97247,2.4617412,17.926064,TRAIN
Kicking,6,341.96515,7.2213187,25.573837,TRAIN
Swing-SideAngle,1,169.4172,4.5962367,16.743341,TRAIN
Kicking,6,424.42477,8.193423,25.901796,TRAIN
Run-Side,0,277.057,4.235296,19.823143,TRAIN
Run-Side,0,169.94104,5.7585917,18.670357,TRAIN
Kicking,6,370.7284,6.336049,25.308279,TRAIN
Diving-Side,5,222.23615,11.927979,26.854809,TRAIN
Kicking,6,432.19107,5.568298,25.543688,TRAIN
Swing-Bench,2,231.38048,5.7539716,18.373148,TRAIN
Swing-Bench,2,136.672,7.080763,16.8864,TRAIN
Kicking,6,154.59802,6.419544,19.420553,TRAIN
Riding-Horse,3,170.05316,7.3743114,18.32229,TRAIN
Swing-SideAngle,1,216.11504,6.3833594,18.950907,TRAIN
Golf-Swing,4,288.8647,3.2901685,18.855534,TRAIN
Kicking,6,282.53687,7.094361,23.963882,TRAIN
Golf-Swing,4,238.19281,5.1057024,17.930376,TRAIN
Run-Side,0,310.83752,8.744385,26.538837,TRAIN
Kicking,6,269.94788,7.2073426,24.192339,TRAIN
Run-Side,0,494.6189,3.6953928,23.949184,TRAIN
Swing-Bench,2,181.09053,7.3719726,19.832123,TRAIN
Riding-Horse,3,162.89148,7.3419027,18.063074,TRAIN
Swing-SideAngle,1,441.64502,4.06777,22.46128,TRAIN
Run-Side,0,212.37683,3.1424317,18.192154,TRAIN
Kicking,6,235.09453,10.028249,23.211103,TRAIN
Diving-Side,5,226.45447,8.706803,23.020393,TRAIN
Swing-SideAngle,1,224.21674,4.9570336,19.529493,TRAIN
Swing-SideAngle,1,223.8891,4.0727253,18.49858,TRAIN
Diving-Side,5,136.85,5.8380327,15.517223,TRAIN
Kicking,6,571.9656,4.465063,25.507261,TRAIN
Swing-Bench,2,277.33197,5.9611826,20.833672,TRAIN
Run-Side,0,259.32562,9.644891,25.982952,TRAIN
Run-Side,0,152.32217,8.886255,26.0731,TRAIN
Swing-Bench,2,94.2607,8.321504,17.658201,TRAIN
Golf-Swing,4,335.45535,3.4871926,19.352665,TRAIN
Swing-SideAngle,1,227.1532,6.422602,19.66703,TRAIN
Swing-Bench,2,96.372406,7.449964,17.205177,TRAIN
Diving-Side,5,219.86676,3.149444,15.447237,TRAIN
Swing-Bench,2,110.723114,7.180863,15.62638,TRAIN
Swing-SideAngle,1,162.91919,5.925448,17.449162,TRAIN
Swing-SideAngle,1,236.22812,5.0811167,17.793673,TRAIN
Swing-SideAngle,1,100.17502,6.936118,16.55241,TRAIN
Diving-Side,5,433.8955,6.1139016,24.715662,TRAIN
Diving-Side,5,254.46437,5.979414,18.918798,TRAIN
Golf-Swing,4,168.52121,8.631092,19.403194,TRAIN
Riding-Horse,3,160.387,9.171051,20.417936,TRAIN
Swing-Bench,2,183.67856,6.003898,18.038536,TRAIN
Diving-Side,5,202.50885,4.681333,16.799046,TRAIN
Kicking,6,209.52315,10.693933,24.839958,TRAIN
Run-Side,0,272.68567,4.6888876,20.370903,TRAIN
Swing-SideAngle,1,261.10992,2.654572,16.853031,TRAIN
Run-Side,0,206.4716,7.5411353,25.175684,TRAIN
Diving-Side,5,214.17467,3.3458688,16.04814,TRAIN
Diving-Side,5,127.85189,2.6090717,12.459749,TRAIN
Riding-Horse,3,180.89752,8.92795,21.218567,TRAIN
Diving-Side,5,261.4529,7.333939,22.014734,TRAIN
Golf-Swing,4,489.14792,4.804079,24.858322,TRAIN
Swing-SideAngle,1,176.2284,3.8236706,16.480124,TRAIN
Diving-Side,5,185.34161,3.8602817,14.411503,TRAIN
Kicking,6,385.41705,6.4816422,25.215164,TRAIN
Riding-Horse,3,144.07571,7.6540794,18.082043,TRAIN
Run-Side,0,166.53702,5.6764708,18.572123,TRAIN
Swing-Bench,2,209.92343,4.3337026,17.9881,TRAIN
Golf-Swing,4,304.7481,8.061198,23.754793,TRAIN
Diving-Side,5,239.63513,7.3281374,21.15443,TRAIN
Run-Side,0,440.44025,4.849953,26.726858,TRAIN
Kicking,6,222.26936,8.763782,21.766388,TRAIN
Diving-Side,5,169.16263,4.1163464,15.302247,TRAIN
Swing-SideAngle,1,169.65024,4.52359,16.542767,TRAIN
Diving-Side,5,177.65585,2.3128395,14.0969305,TRAIN
Golf-Swing,4,301.4666,4.1627946,18.47962,TRAIN
Golf-Swing,4,260.33868,7.4689875,21.056107,TRAIN
Run-Side,0,147.96494,5.790697,18.410254,TRAIN
Swing-SideAngle,1,193.20259,4.121427,18.158909,TRAIN
Golf-Swing,4,174.21576,7.3670897,16.417469,TRAIN
Run-Side,0,248.913,4.124419,19.103645,TRAIN
Riding-Horse,3,154.89859,7.4662313,20.00284,TRAIN
Run-Side,0,353.23022,7.248863,27.143942,TRAIN
Riding-Horse,3,220.27919,3.291154,16.070366,TRAIN
Run-Side,0,131.14352,7.7253127,18.61368,TRAIN
Swing-SideAngle,1,158.6495,5.970926,16.922932,TRAIN
Golf-Swing,4,305.93222,4.2731905,19.165142,TRAIN
Kicking,6,65.970825,12.727472,24.43629,TRAIN
Run-Side,0,166.24474,11.329572,25.533035,TRAIN
Swing-Bench,2,174.11002,6.9578733,19.643263,TRAIN
Golf-Swing,4,328.1813,6.047754,21.10357,TRAIN
Diving-Side,5,111.50548,6.825154,14.934601,TRAIN
Golf-Swing,4,309.07602,5.1413765,20.170574,TRAIN
Diving-Side,5,190.32858,4.3145804,16.785898,TRAIN
Swing-Bench,2,148.10555,6.8875546,17.349188,TRAIN
Golf-Swing,4,246.96802,8.241086,22.13935,TRAIN
Kicking,6,435.63373,4.330172,23.975534,TRAIN
Golf-Swing,4,285.377,2.8333938,18.204351,TRAIN
Diving-Side,5,265.21234,4.438938,19.178364,TRAIN
Swing-Bench,2,207.86972,5.810141,18.203245,TRAIN
Riding-Horse,3,161.06519,8.769613,18.454922,TRAIN
Swing-SideAngle,1,103.06164,7.0196958,16.653456,TRAIN
Diving-Side,5,369.32794,5.9369545,25.19006,TRAIN
Diving-Side,5,267.29144,7.3627706,21.372137,TRAIN
Run-Side,0,129.47495,6.371283,18.684929,TRAIN
Run-Side,0,194.58313,7.6401696,24.855162,TRAIN
Swing-Bench,2,139.35739,6.087583,17.414402,TRAIN
Riding-Horse,3,182.8587,5.448919,16.089846,TRAIN
Swing-Bench,2,190.28523,6.5248814,19.104324,TRAIN
Swing-SideAngle,1,274.9073,3.4029238,18.426552,TRAIN
Swing-Bench,2,191.32501,6.392743,19.049128,TRAIN
Kicking,6,343.82977,5.757909,25.478184,TRAIN
Diving-Side,5,282.79514,3.6186895,18.671253,TRAIN
Riding-Horse,3,157.3919,5.8530407,17.628948,TRAIN
Run-Side,0,152.73935,5.9994206,18.04188,TRAIN
Run-Side,0,251.11987,3.195028,18.53819,TRAIN
Swing-SideAngle,1,215.09276,5.9838343,18.506828,TRAIN
Swing-Bench,2,496.2066,6.298683,27.800432,TRAIN
Run-Side,0,208.65193,8.57707,24.914562,TRAIN
Run-Side,0,208.07767,4.893363,19.439726,TRAIN
Swing-Bench,2,131.04733,6.398467,15.916593,TRAIN
Swing-SideAngle,1,411.2256,4.963287,24.19366,TRAIN
Golf-Swing,4,317.98846,5.542323,20.943861,TRAIN
Swing-Bench,2,230.34705,5.941117,20.344545,TRAIN
Golf-Swing,4,316.87943,3.7144809,18.828955,TRAIN
Swing-SideAngle,1,159.1021,4.626742,16.339441,TRAIN
Diving-Side,5,123.35477,4.5271935,13.61259,TRAIN
Riding-Horse,3,182.76424,6.672185,18.506367,TRAIN
Diving-Side,5,166.13512,5.430902,15.43342,TRAIN
Golf-Swing,4,501.26218,4.537789,23.385893,TRAIN
Swing-SideAngle,1,169.79927,4.2350035,16.669117,TRAIN
Swing-Bench,2,442.27103,5.0656714,25.126205,TRAIN
Riding-Horse,3,152.12997,5.0593944,16.16179,TRAIN
Riding-Horse,3,190.20474,7.333288,21.35899,TRAIN
Golf-Swing,4,207.92844,4.2272224,16.29014,TRAIN
Swing-Bench,2,237.78313,5.517742,20.475126,TRAIN
Swing-SideAngle,1,119.74518,5.7589316,17.29534,TRAIN
Swing-SideAngle,1,128.03943,7.496035,17.808218,TRAIN
Run-Side,0,248.50635,6.941426,25.504124,TRAIN
Swing-Bench,2,192.63947,7.497708,19.468643,TRAIN
Golf-Swing,4,298.9493,4.4139285,19.35155,TRAIN
Run-Side,0,278.42554,4.0247254,19.629736,TRAIN
Swing-Bench,2,127.0819,6.851058,16.025616,TRAIN
Swing-SideAngle,1,289.19556,3.1039553,18.57517,TRAIN
Riding-Horse,3,305.93137,4.013389,19.16792,TRAIN
Run-Side,0,280.32428,8.338139,27.389833,TRAIN
Run-Side,0,319.15607,6.338822,24.169882,TRAIN
Swing-Bench,2,241.3345,5.449305,19.227333,TRAIN
Swing-SideAngle,1,219.61493,6.743092,18.824568,TRAIN
Swing-Bench,2,124.96646,5.176949,17.135063,TRAIN
Swing-Bench,2,229.90637,5.7076774,18.199078,TRAIN
Riding-Horse,3,157.16629,6.660116,18.4595,TRAIN
Swing-SideAngle,1,252.12009,5.4575057,19.633415,TRAIN
Riding-Horse,3,186.23572,6.74897,19.271545,TRAIN
Kicking,6,171.53043,9.736801,22.281534,TRAIN
Golf-Swing,4,273.29507,3.3108397,16.95346,TRAIN
Diving-Side,5,248.46716,2.7858696,17.187,TRAIN
Diving-Side,5,121.55115,3.7717493,12.660913,TRAIN
Diving-Side,5,145.93274,5.684077,15.407992,TRAIN
Swing-SideAngle,1,385.16742,3.6131775,20.266733,TRAIN
Riding-Horse,3,110.81794,5.8990946,15.951594,TRAIN
Diving-Side,5,153.9113,4.4540467,14.577525,TRAIN
Golf-Swing,4,168.06952,6.4574,17.872429,TRAIN
Riding-Horse,3,216.53076,4.920843,18.539577,TRAIN
Riding-Horse,3,199.68137,9.286715,22.419296,TRAIN
Kicking,6,195.25963,7.248541,20.91607,TRAIN
Golf-Swing,4,283.51044,4.268645,18.644217,TRAIN
Riding-Horse,3,138.32085,5.8842916,17.202583,TRAIN
Swing-Bench,2,292.43707,6.6790924,20.910551,TRAIN
Swing-Bench,2,261.2556,5.2271905,19.47146,TRAIN
Swing-Bench,2,289.45197,7.2996273,22.490211,TRAIN
Kicking,6,268.17126,8.196382,22.582167,TRAIN
Riding-Horse,3,221.82442,3.5539513,17.458015,TRAIN
Riding-Horse,3,162.4113,7.524985,18.334663,TRAIN
Swing-SideAngle,1,221.14261,5.6481133,18.618395,TRAIN
Diving-Side,5,98.21142,4.414026,12.270684,TRAIN
Swing-SideAngle,1,307.56833,4.245464,18.785208,TRAIN
Riding-Horse,3,499.50995,5.1457047,24.861443,TRAIN
Swing-SideAngle,1,365.2052,4.506881,21.959595,TRAIN
Kicking,6,391.64975,6.631685,23.358332,TRAIN
Kicking,6,235.32243,8.107441,22.718822,TRAIN
Run-Side,0,344.4623,6.264823,25.228182,TRAIN
Kicking,6,291.71307,7.3829193,24.45009,TRAIN
Kicking,6,203.14992,8.008949,21.932247,TRAIN
Golf-Swing,4,292.1139,4.1516685,18.369038,TRAIN
Riding-Horse,3,188.59662,4.5300603,17.368559,TRAIN
Swing-Bench,2,291.72232,5.329435,22.06313,TRAIN
Golf-Swing,4,191.46768,6.1079273,17.205278,TRAIN
Diving-Side,5,152.49847,5.695302,15.404642,TRAIN
Kicking,6,299.73456,6.7634177,24.644344,TRAIN
Diving-Side,5,300.43127,5.448199,19.776167,TRAIN
Run-Side,0,189.39326,4.2384257,18.214737,TRAIN
Riding-Horse,3,174.6753,7.769496,20.82424,TRAIN
Kicking,6,202.6001,8.4384575,22.104052,TRAIN
Run-Side,0,113.898796,8.60377,19.520288,TRAIN
Swing-Bench,2,215.56433,7.571203,20.059546,TRAIN
Diving-Side,5,103.55187,5.9482074,14.793837,TRAIN
Run-Side,0,207.40576,5.7863216,19.269001,TRAIN
Swing-SideAngle,1,97.38126,8.402242,17.676632,TRAIN
Kicking,6,227.77968,7.938088,21.77433,TRAIN
Riding-Horse,3,193.48593,7.4804206,19.599203,TRAIN
Swing-Bench,2,159.21454,6.3292418,18.02233,TRAIN
Golf-Swing,4,291.0863,6.3984346,20.641832,TRAIN
Golf-Swing,4,204.74347,7.5382514,21.444761,TRAIN
Swing-SideAngle,1,221.408,3.7477,16.614828,TRAIN
Swing-SideAngle,1,251.72968,4.1973147,19.351532,TRAIN
Swing-SideAngle,1,181.84592,4.2056975,16.252815,TRAIN
Swing-SideAngle,1,126.83551,6.496643,18.505035,TRAIN
Kicking,6,304.64227,5.6380587,22.715712,TRAIN
Golf-Swing,4,255.06303,4.891503,18.046535,TRAIN
Riding-Horse,3,190.31708,7.230621,19.371069,TRAIN
Riding-Horse,3,88.65059,7.0085635,15.751993,TRAIN
Riding-Horse,3,288.8919,3.4174988,18.040012,TRAIN
Golf-Swing,4,287.6056,2.7605596,17.640911,TRAIN
Swing-Bench,2,271.93228,4.6924953,19.008244,TRAIN
Run-Side,0,177.8117,6.9988136,19.677597,TRAIN
Kicking,6,171.59058,5.9583573,19.609032,TRAIN
Run-Side,0,158.85391,8.044742,25.47986,TRAIN
Swing-Bench,2,239.00217,7.6162047,22.312168,TRAIN
Run-Side,0,139.73904,6.235337,18.398438,TRAIN
Run-Side,0,217.32645,4.167698,19.265022,TRAIN
Golf-Swing,4,192.48318,2.9412162,15.487957,TRAIN
Riding-Horse,3,230.76701,7.293421,21.040525,TRAIN
Swing-Bench,2,149.3534,5.700594,18.071638,TRAIN
Diving-Side,5,119.42234,4.4465384,14.038274,TRAIN
Diving-Side,5,273.91098,10.927077,28.928444,TRAIN
Diving-Side,5,209.97244,4.65843,16.932428,TRAIN
Swing-Bench,2,131.72842,6.7323,17.124184,TRAIN
Swing-SideAngle,1,151.20798,5.705859,18.689566,TRAIN
Run-Side,0,346.94708,6.494924,26.585405,TRAIN
Kicking,6,399.83835,10.046038,27.99236,TRAIN
Riding-Horse,3,281.5916,7.8808284,24.256903,TRAIN
Kicking,6,178.61945,5.908752,19.879833,TRAIN
Run-Side,0,290.48715,6.1142535,23.900835,TRAIN
Kicking,6,128.08937,12.253359,24.884102,TRAIN
Riding-Horse,3,270.19592,6.027011,19.462101,TRAIN
Swing-Bench,2,358.69003,6.952593,25.589603,TRAIN
Golf-Swing,4,166.24567,4.9106336,14.817199,TRAIN
Run-Side,0,334.67645,7.4751315,25.026747,TRAIN
Riding-Horse,3,159.34755,8.629497,18.82616,TRAIN
Diving-Side,5,141.32532,6.225728,17.220472,TRAIN
Kicking,6,176.81914,6.393009,19.592867,TRAIN
Diving-Side,5,325.9336,4.2138605,20.168522,TRAIN
Run-Side,0,177.62936,4.8598504,18.442759,TRAIN
Kicking,6,359.24652,9.049384,27.352152,TRAIN
Golf-Swing,4,240.84233,5.0485163,17.556461,TRAIN
Golf-Swing,4,195.17453,5.7763243,18.191404,TRAIN
Riding-Horse,3,206.25964,6.619409,19.86687,TRAIN
Diving-Side,5,331.23108,4.632378,19.764128,TRAIN
Swing-SideAngle,1,386.86987,4.638303,22.067743,TRAIN
Swing-SideAngle,1,346.09528,5.1132665,22.246899,TRAIN
Swing-SideAngle,1,299.3336,5.016712,20.399511,TRAIN
Diving-Side,5,86.77347,5.4511395,14.025751,TRAIN
Swing-SideAngle,1,198.48146,3.7938123,16.511166,TRAIN
Swing-SideAngle,1,150.99667,7.9433765,18.83004,TRAIN
Kicking,6,135.95352,9.061634,21.758406,TRAIN
Swing-Bench,2,121.73729,4.857009,15.727552,TRAIN
Diving-Side,5,119.80125,4.849312,13.558917,TRAIN
Kicking,6,272.74298,8.138079,24.78205,TRAIN
Swing-SideAngle,1,223.44865,4.097843,18.30297,TRAIN
Swing-Bench,2,107.1358,6.763997,16.55361,TRAIN
Diving-Side,5,111.51638,4.0884013,12.519248,TRAIN
Swing-SideAngle,1,168.66232,4.2536325,15.70979,TRAIN
Swing-Bench,2,158.97356,5.6240425,17.381903,TRAIN
Riding-Horse,3,248.87123,4.7888274,18.55833,TRAIN
Swing-Bench,2,226.54976,5.6349006,19.804771,TRAIN
Riding-Horse,3,158.7647,6.8051395,18.562805,TRAIN
Swing-SideAngle,1,136.49377,5.6321073,16.741108,TRAIN
Kicking,6,167.85156,12.2897625,25.234858,TRAIN
Run-Side,0,183.62479,11.135011,26.196838,TRAIN
Kicking,6,123.93896,12.798018,24.61158,TRAIN
Run-Side,0,218.3862,4.049565,18.417229,TRAIN
Swing-SideAngle,1,134.98962,6.919249,17.889376,TRAIN
Kicking,6,199.28348,8.029839,23.818579,TRAIN
Golf-Swing,4,258.47928,3.3667111,17.360682,TRAIN
Run-Side,0,190.28888,4.6489825,17.968681,TRAIN
Run-Side,0,447.63174,5.8558874,27.488548,TRAIN
Riding-Horse,3,99.771805,6.7059493,16.512402,TRAIN
Golf-Swing,4,348.61523,4.4836855,20.21229,TRAIN
Kicking,6,185.67815,9.004521,24.09545,TRAIN
Swing-Bench,2,249.11794,9.821534,21.73824,TRAIN
Run-Side,0,191.08247,10.466646,26.277754,TRAIN
Swing-Bench,2,164.3186,7.0825686,18.135572,TRAIN
Riding-Horse,3,267.49963,6.8410444,22.614231,TRAIN
Run-Side,0,403.10544,6.155724,26.186354,TRAIN
Swing-SideAngle,1,214.87834,4.2265935,17.733234,TRAIN
Golf-Swing,4,255.0726,5.385238,18.519121,TRAIN
Swing-Bench,2,343.84265,5.412043,22.79972,TRAIN
Kicking,6,177.52356,5.7197547,20.43716,TRAIN
Swing-Bench,2,82.347855,6.286915,16.628567,TRAIN
Golf-Swing,4,151.0047,6.777328,16.981396,TRAIN
Run-Side,0,311.24887,9.243499,26.61902,TRAIN
Swing-Bench,2,115.14184,6.319345,16.575878,TRAIN
Swing-SideAngle,1,276.74658,3.2755165,17.997389,TRAIN
Swing-SideAngle,1,403.4453,4.6353884,23.486876,TRAIN
Golf-Swing,4,392.46924,3.9722786,21.809132,TRAIN
Golf-Swing,4,256.354,2.3685772,16.902445,TRAIN
Swing-SideAngle,1,226.65756,5.082769,18.591213,TRAIN
Run-Side,0,146.17326,5.4273295,17.991957,TRAIN
Run-Side,0,211.52258,5.120642,18.736097,TRAIN
Run-Side,0,268.57376,3.7968502,19.568844,TRAIN
Riding-Horse,3,222.10999,7.2142234,19.711325,TRAIN
Run-Side,0,291.02216,7.5881157,24.665014,TRAIN
Riding-Horse,3,171.34239,5.8276415,17.845533,TRAIN
Golf-Swing,4,184.99345,6.8905144,18.191778,TRAIN
Riding-Horse,3,390.52783,6.6335297,25.573965,TRAIN
Golf-Swing,4,266.75153,6.687506,20.493135,TRAIN
Run-Side,0,159.73407,8.44784,24.929504,TRAIN
Swing-Bench,2,196.10551,6.557253,19.470158,TRAIN
Kicking,6,248.27988,7.124293,23.7969,TRAIN
Swing-SideAngle,1,190.79913,4.516269,17.45965,TRAIN
Riding-Horse,3,254.2843,3.8173943,17.994997,TRAIN
Riding-Horse,3,143.1677,7.5279303,18.27492,TRAIN
Swing-SideAngle,1,147.64703,4.3230705,16.073019,TRAIN
Swing-SideAngle,1,309.92468,2.9153588,18.459238,TRAIN
Diving-Side,5,175.42032,5.5906086,16.00409,TRAIN
Swing-SideAngle,1,209.82497,5.382514,16.687334,TRAIN
Swing-SideAngle,1,321.42468,3.0732105,18.383575,TRAIN
Run-Side,0,225.9606,6.4446654,25.43408,TRAIN
Diving-Side,5,145.63449,5.4936805,14.597376,TRAIN
Golf-Swing,4,216.96703,4.7752147,16.538776,TRAIN
Golf-Swing,4,174.738,8.737059,19.409752,TRAIN
Swing-SideAngle,1,221.76837,3.5915904,16.939072,TRAIN
Diving-Side,5,247.51859,7.6421,20.866331,TRAIN
Riding-Horse,3,225.46085,6.6117563,20.055103,TRAIN
Golf-Swing,4,342.22192,7.2236266,23.868574,TRAIN
Run-Side,0,224.60239,4.872644,19.652355,TRAIN
Riding-Horse,3,273.07645,7.0296283,21.321653,TRAIN
Kicking,6,385.4112,6.5089893,25.131653,TRAIN
Kicking,6,155.59404,7.044204,20.024961,TRAIN
Golf-Swing,4,214.12634,7.915825,19.017656,TRAIN
Kicking,6,237.51231,7.9338365,22.599222,TRAIN
Golf-Swing,4,265.5462,7.163197,21.448889,TRAIN
Golf-Swing,4,499.53708,4.3525934,23.288555,TRAIN
Diving-Side,5,185.29196,4.4292674,15.338537,TRAIN
Swing-SideAngle,1,202.23393,6.749354,17.90661,TRAIN
Run-Side,0,102.431366,7.6896143,18.398012,TRAIN
Golf-Swing,4,304.53757,7.5735235,24.175673,TRAIN
Swing-Bench,2,128.99368,7.5367374,18.105648,TRAIN
Run-Side,0,355.03937,7.261064,27.853472,TRAIN
Swing-SideAngle,1,192.57431,6.461441,18.323854,TRAIN
Kicking,6,552.0127,4.075317,27.360554,TRAIN
Swing-Bench,2,161.09348,5.9147434,17.433952,TRAIN
Run-Side,0,237.6897,7.6133733,24.970089,TRAIN
Swing-SideAngle,1,237.6936,5.7342052,21.066898,TRAIN
Kicking,6,382.9497,8.0526705,23.823088,TRAIN
Kicking,6,297.52036,8.74054,24.55112,TRAIN
Swing-Bench,2,167.775,5.3631506,17.795221,TRAIN
Golf-Swing,4,371.14578,5.30138,21.408209,TRAIN
Run-Side,0,235.54929,4.48846,19.38443,TRAIN
Golf-Swing,4,327.09424,4.1470766,19.892807,TRAIN
Diving-Side,5,108.39003,4.8138394,12.747506,TRAIN
Golf-Swing,4,217.16957,5.891415,17.591839,TRAIN
Riding-Horse,3,189.98376,8.520793,19.007385,TRAIN
Swing-Bench,2,146.3044,5.495476,16.468248,TRAIN
Diving-Side,5,160.86575,4.5674567,15.071932,TRAIN
Swing-SideAngle,1,237.48607,4.7268586,19.040152,TRAIN
Diving-Side,5,361.23816,5.14277,21.412012,TRAIN
Diving-Side,5,104.136154,6.212352,14.295764,TRAIN
Swing-SideAngle,1,153.88605,5.000427,15.525458,TRAIN
Swing-SideAngle,1,140.68489,3.9248564,15.811479,TRAIN
Diving-Side,5,206.7122,3.9655387,17.036322,TRAIN
Run-Side,0,170.15201,10.650755,25.790854,TRAIN
Kicking,6,264.27188,5.38448,20.112507,TRAIN
Golf-Swing,4,267.3302,4.384173,18.201809,TRAIN
Swing-Bench,2,148.43298,6.6280084,16.925632,TRAIN
Kicking,6,150.19594,7.21651,20.190844,TRAIN
Diving-Side,5,248.75142,9.422416,24.597004,TRAIN
Diving-Side,5,211.37624,5.943097,19.523151,TRAIN
Run-Side,0,397.11478,5.1829276,25.37775,TRAIN
Kicking,6,278.8883,10.246215,25.90011,TRAIN
Swing-Bench,2,87.153465,8.532578,18.042072,TRAIN
Run-Side,0,213.93755,4.005225,18.741405,TRAIN
Diving-Side,5,213.0033,5.09682,16.785164,TRAIN
Run-Side,0,314.28088,6.532739,25.010294,TRAIN
Diving-Side,5,96.359276,5.1527696,13.777338,TRAIN
Swing-Bench,2,245.40823,6.830186,20.043083,TRAIN
Swing-Bench,2,140.57697,4.67976,17.352036,TRAIN
Kicking,6,231.36691,8.624952,23.11764,TRAIN
Run-Side,0,453.0893,6.4190993,27.01532,TRAIN
Swing-Bench,2,69.53548,7.244555,14.83059,TRAIN
Swing-Bench,2,259.71756,4.8712254,20.289791,TRAIN
Diving-Side,5,367.02008,6.0709314,22.152668,TRAIN
Golf-Swing,4,194.6938,6.637574,17.835749,TRAIN
Riding-Horse,3,225.00981,8.371463,22.905096,TRAIN
Golf-Swing,4,248.56256,4.19537,17.30967,TRAIN
Kicking,6,175.81721,8.169194,22.916819,TRAIN
Kicking,6,506.07117,6.0551076,28.41978,TRAIN
Golf-Swing,4,208.82446,5.398891,16.954325,TRAIN
Run-Side,0,148.03958,6.1345167,18.883068,TRAIN
Diving-Side,5,357.22662,4.750454,20.579256,TRAIN
Riding-Horse,3,162.79988,5.763931,17.150652,TRAIN
Golf-Swing,4,385.75262,4.0656986,20.641996,TRAIN
Run-Side,0,393.95084,5.9308076,25.267317,TRAIN
Riding-Horse,3,166.5716,8.229779,21.9135,TRAIN
Diving-Side,5,204.45654,4.565862,16.945993,TRAIN
Diving-Side,5,157.91177,4.9598274,15.00002,TRAIN
Kicking,6,143.163,6.9064374,19.938587,TRAIN
Swing-Bench,2,149.95068,8.210183,18.849571,TRAIN
Golf-Swing,4,159.4931,9.556276,22.728931,TRAIN
Swing-SideAngle,1,267.0032,4.444624,17.939188,TRAIN
Riding-Horse,3,354.8192,6.3177066,23.450825,TRAIN
Kicking,6,554.1147,4.4735093,24.58285,TRAIN
Swing-SideAngle,1,168.543,5.7751126,18.572744,TRAIN
Golf-Swing,4,231.33646,8.2596,22.158451,TRAIN
Swing-SideAngle,1,172.4195,4.9994845,17.965084,TRAIN
Diving-Side,5,162.65717,5.231946,15.249213,TRAIN
Swing-Bench,2,77.84764,7.304534,15.417706,TRAIN
Swing-SideAngle,1,340.9328,4.804441,21.902166,TRAIN
Riding-Horse,3,239.79918,5.717014,17.94022,TRAIN
Diving-Side,5,330.7805,3.7727747,18.745066,TRAIN
Swing-SideAngle,1,346.6188,4.0076685,20.65366,TRAIN
Diving-Side,5,170.58308,4.628611,15.226765,TRAIN
Kicking,6,178.44272,8.3278,22.018051,TRAIN
Run-Side,0,330.28534,6.788393,24.476551,TRAIN
Run-Side,0,342.42773,5.100152,25.054108,TRAIN
Swing-SideAngle,1,158.44884,5.4256296,17.181246,TRAIN
Swing-Bench,2,200.35078,8.280602,18.444387,TRAIN
Kicking,6,278.3903,8.08943,24.691992,TRAIN
Diving-Side,5,133.2963,4.4624577,14.798649,TRAIN
Golf-Swing,4,267.57666,3.440418,17.885426,TRAIN
Swing-SideAngle,1,158.44025,6.899679,17.50313,TRAIN
Run-Side,0,215.9021,5.5459867,19.261429,TRAIN
Golf-Swing,4,159.19429,6.534712,16.7891,TRAIN
Swing-Bench,2,176.56705,7.5994883,19.643534,TRAIN
Kicking,6,360.69827,7.4873385,23.84602,TRAIN
Swing-Bench,2,97.1062,7.24111,15.275179,TRAIN
Kicking,6,317.75714,9.308981,24.09737,TRAIN
Kicking,6,307.4157,6.60027,22.65556,TRAIN
Swing-Bench,2,320.19687,6.0644193,23.639769,TRAIN
Kicking,6,102.13608,12.780053,24.789793,TRAIN
Riding-Horse,3,246.5358,6.1900563,19.396921,TRAIN
Swing-SideAngle,1,371.2625,5.580265,23.813517,TRAIN
Swing-SideAngle,1,311.85327,3.9982939,19.97526,TRAIN
Swing-SideAngle,1,205.92911,4.1555223,17.610767,TRAIN
Run-Side,0,263.99368,9.500273,25.91474,TRAIN
Kicking,6,174.49207,6.2476025,19.965193,TRAIN
Riding-Horse,3,140.71771,8.534021,19.057165,TRAIN
Run-Side,0,210.05861,8.125341,25.042929,TRAIN
Run-Side,0,328.68442,8.65615,25.92788,TRAIN
Run-Side,0,491.85242,5.698445,27.256945,TRAIN
Swing-SideAngle,1,179.02074,5.8309507,17.709465,TRAIN
Swing-Bench,2,309.6363,5.4466066,24.189148,TRAIN
Swing-Bench,2,139.62085,4.8414326,16.950785,TRAIN
Swing-Bench,2,110.973785,8.0332,17.451252,TRAIN
Golf-Swing,4,400.5642,6.4641232,23.853842,TRAIN
Kicking,6,168.42393,9.001828,22.967718,TRAIN
Diving-Side,5,185.45618,2.6961908,14.170119,TRAIN
Swing-SideAngle,1,251.03543,3.3648388,17.249796,TRAIN
Diving-Side,5,115.155754,5.7233515,13.90106,TRAIN
Riding-Horse,3,296.55496,6.8919168,22.439798,TRAIN
Swing-Bench,2,142.54782,6.134343,15.71208,TRAIN
Swing-Bench,2,147.5184,8.897286,18.798632,TRAIN
Golf-Swing,4,256.4891,4.0100064,17.984444,TRAIN
Kicking,6,191.49881,8.096664,23.681065,TRAIN
Golf-Swing,4,387.61014,4.0421476,21.276117,TRAIN
Swing-SideAngle,1,286.2485,2.967099,18.460373,TRAIN
Riding-Horse,3,192.3962,4.7420406,17.632788,TRAIN
Golf-Swing,4,243.76978,8.745935,19.9183,TRAIN
Riding-Horse,3,233.60886,3.4812388,17.307816,TRAIN
Kicking,6,209.44739,6.38048,20.361101,TRAIN
Golf-Swing,4,339.48138,4.688885,21.347303,TRAIN
Riding-Horse,3,165.38416,7.623547,19.020403,TRAIN
Golf-Swing,4,212.93471,5.79482,17.491932,TRAIN
Riding-Horse,3,154.17618,5.395116,16.828339,TRAIN
Swing-SideAngle,1,385.08142,5.542992,22.87779,TRAIN
Kicking,6,218.21376,7.3548007,23.924694,TRAIN
Diving-Side,5,97.50854,5.852424,14.054886,TRAIN
Riding-Horse,3,100.762955,5.915225,15.502386,TRAIN
Kicking,6,290.7005,6.2959833,24.240501,TRAIN
Kicking,6,194.00488,7.9160833,21.771582,TRAIN
Run-Side,0,126.84835,7.41383,18.6454,TRAIN
Swing-SideAngle,1,181.1365,3.4110346,16.718353,TRAIN
Golf-Swing,4,302.0636,3.7021146,18.403408,TRAIN
Swing-Bench,2,232.92545,5.4491253,18.523167,TRAIN
Diving-Side,5,259.92398,7.009729,19.705036,TRAIN
Swing-SideAngle,1,256.853,4.3540154,20.521303,TRAIN
Golf-Swing,4,530.3982,4.5076003,24.165455,TRAIN
Golf-Swing,4,258.6416,5.169513,18.190432,TRAIN
Golf-Swing,4,274.39902,6.0089107,19.827646,TRAIN
Swing-SideAngle,1,409.9887,5.0517373,24.139585,TRAIN
Kicking,6,434.46884,5.033334,23.039476,TRAIN
Swing-SideAngle,1,205.34668,5.011814,18.521545,TRAIN
Swing-SideAngle,1,308.24905,4.740837,19.440516,TRAIN
Riding-Horse,3,133.18417,9.259191,19.306358,TRAIN
Swing-SideAngle,1,203.2537,3.2667384,17.063404,TRAIN
Swing-SideAngle,1,120.20116,5.9962864,17.226614,TRAIN
Diving-Side,5,183.26866,7.490316,18.572418,TRAIN
Run-Side,0,201.75044,7.883438,23.65231,TRAIN
Swing-SideAngle,1,200.55559,3.5808764,16.74656,TRAIN
Run-Side,0,147.74094,9.086705,25.012045,TRAIN
Golf-Swing,4,214.71378,5.9559145,18.007614,TRAIN
Swing-SideAngle,1,209.8248,5.4116035,17.994307,TRAIN
Kicking,6,253.66608,8.143529,25.130142,TRAIN
Run-Side,0,358.11545,6.636523,25.83664,TRAIN
Swing-SideAngle,1,238.99896,2.845803,16.163221,TRAIN
Riding-Horse,3,275.88727,5.374527,19.858511,TRAIN
Riding-Horse,3,229.63992,7.980071,20.77591,TRAIN
Run-Side,0,184.12015,6.283826,19.584955,TRAIN
Riding-Horse,3,251.74786,5.70263,20.743744,TRAIN
Riding-Horse,3,261.4127,7.4114594,22.578175,TRAIN
Riding-Horse,3,298.64706,6.800001,22.058561,TRAIN
Run-Side,0,136.42847,6.879339,18.979628,TRAIN
Riding-Horse,3,150.98882,7.5696306,18.306076,TRAIN
Riding-Horse,3,202.599,5.6906476,17.360308,TRAIN
Golf-Swing,4,267.4027,3.8191435,17.485706,TRAIN
Kicking,6,220.65845,5.835572,20.135483,TRAIN
Kicking,6,176.75708,6.9157634,20.038311,TRAIN
Run-Side,0,173.24901,5.8521833,18.995173,TRAIN
Swing-SideAngle,1,252.52098,5.075883,20.390812,TRAIN
Golf-Swing,4,213.91895,5.670692,17.879162,TRAIN
Kicking,6,369.24326,7.5191593,24.517641,TRAIN
Kicking,6,275.48575,7.7068577,22.498892,TRAIN
Diving-Side,5,89.1264,5.42281,14.068066,TRAIN
Golf-Swing,4,167.75168,7.892345,17.046904,TRAIN
Diving-Side,5,196.4716,3.327865,16.071745,TRAIN
Run-Side,0,321.94116,6.7469635,26.982485,TRAIN
Swing-Bench,2,140.93593,7.720081,18.876963,TRAIN
Swing-Bench,2,151.18666,6.2340174,18.12591,TRAIN
Swing-SideAngle,1,412.74808,4.8933697,24.13919,TRAIN
Diving-Side,5,468.2217,4.6830153,24.47224,TRAIN
Golf-Swing,4,411.3932,4.4425893,22.665943,TRAIN
Diving-Side,5,179.0455,5.2323513,15.58235,TRAIN
Diving-Side,5,148.91774,5.773065,15.471092,TRAIN
Kicking,6,260.6261,7.9784956,25.111326,TRAIN
Golf-Swing,4,460.99677,3.3405538,22.004843,TRAIN
Diving-Side,5,154.5015,4.5311704,14.899313,TRAIN
Golf-Swing,4,298.8614,4.897802,19.903124,TRAIN
Riding-Horse,3,187.96263,7.3980103,19.005756,TRAIN
Kicking,6,370.80508,6.257576,22.630753,TRAIN
Golf-Swing,4,210.54407,2.5853782,15.56626,TRAIN
Run-Side,0,322.92926,3.1417665,20.239395,TRAIN
Swing-SideAngle,1,199.61478,4.315479,17.03636,TRAIN
Kicking,6,167.62604,6.4381323,18.999239,TRAIN
Golf-Swing,4,262.00354,4.4430127,18.041645,TRAIN
Diving-Side,5,268.97214,2.3952703,16.769304,TRAIN
Golf-Swing,4,240.20216,4.6138186,17.550081,TRAIN
Golf-Swing,4,210.73273,7.229608,18.867542,TRAIN
Riding-Horse,3,233.78436,6.478579,22.030554,TRAIN
Riding-Horse,3,128.26752,7.4018703,18.653013,TRAIN
Golf-Swing,4,174.57404,8.488829,18.673777,TRAIN
Swing-Bench,2,116.2041,8.210281,18.183685,TRAIN
Kicking,6,175.11372,9.106262,22.0618,TRAIN
Riding-Horse,3,349.4306,6.582211,22.902918,TRAIN
Kicking,6,292.26056,6.8838873,25.185656,TRAIN
Diving-Side,5,183.92813,9.743745,22.071537,TRAIN
Golf-Swing,4,296.70563,4.2497272,18.372335,TRAIN
Diving-Side,5,241.50418,3.9119008,17.251719,TRAIN
Golf-Swing,4,194.08493,7.2871733,19.028418,TRAIN
Swing-SideAngle,1,223.60751,4.022699,17.707674,TRAIN
Run-Side,0,177.97736,6.5064025,19.151955,TRAIN
Riding-Horse,3,248.55664,7.2383375,20.627638,TRAIN
Diving-Side,5,202.8674,3.6900854,16.34505,TRAIN
Run-Side,0,505.90482,5.647237,26.97268,TRAIN
Swing-Bench,2,186.43076,5.690898,18.406303,TRAIN
Swing-Bench,2,574.32605,6.1583867,29.611046,TRAIN
Diving-Side,5,479.2445,5.4176974,24.995796,TRAIN
Riding-Horse,3,326.97903,5.784102,20.563568,TRAIN
Run-Side,0,299.47125,7.002626,25.645752,TRAIN
Golf-Swing,4,241.20863,6.5795426,20.655386,TRAIN
Swing-SideAngle,1,184.20312,4.435278,17.334734,TRAIN
Swing-Bench,2,225.34973,7.973299,19.768993,TRAIN
Kicking,6,300.6532,9.357768,22.665161,TRAIN
Kicking,6,315.36365,7.044371,24.288403,TRAIN
Swing-Bench,2,260.73727,6.680154,20.53529,TRAIN
Run-Side,0,158.22919,5.1896873,18.591202,TRAIN
Riding-Horse,3,159.08856,6.8859816,17.170582,TRAIN
Diving-Side,5,196.27002,5.7641,17.427116,TRAIN
Kicking,6,287.77197,8.012716,25.419474,TRAIN
Run-Side,0,279.64374,3.9966705,19.455233,TRAIN
Golf-Swing,4,207.23203,8.211324,19.57067,TRAIN
Golf-Swing,4,294.9226,4.367166,20.216492,TRAIN
Swing-SideAngle,1,226.61906,3.6359217,17.22194,TRAIN
Swing-Bench,2,188.0906,6.307983,18.417507,TRAIN
Swing-Bench,2,136.50879,7.746583,19.211864,TRAIN
Swing-SideAngle,1,280.65097,4.4172535,19.241444,TRAIN
Riding-Horse,3,176.89615,4.9048395,17.560673,TRAIN
Riding-Horse,3,102.45367,8.888315,17.398,TRAIN
Golf-Swing,4,508.78906,4.4771385,24.979229,TRAIN
Diving-Side,5,407.11108,4.26927,21.583168,TRAIN
Swing-SideAngle,1,232.34557,4.8950477,18.319077,TRAIN
Run-Side,0,116.47409,8.111125,19.01141,TRAIN
Kicking,6,189.42508,5.1137877,18.601158,TRAIN
Diving-Side,5,104.98237,6.1417923,14.764985,TRAIN
Run-Side,0,161.42108,10.801714,25.488533,TRAIN
Swing-Bench,2,366.31653,6.164685,24.141466,TRAIN
Golf-Swing,4,344.31674,3.4151626,19.003653,TRAIN
Riding-Horse,3,230.06592,5.40476,17.682657,TRAIN
Kicking,6,199.11911,8.793569,23.377224,TRAIN
Diving-Side,5,189.4874,2.6634655,14.61458,TRAIN
Diving-Side,5,168.2607,5.9701414,15.748089,TRAIN
Swing-SideAngle,1,281.78348,4.090885,19.280281,TRAIN
Diving-Side,5,116.18247,5.508436,14.152741,TRAIN
Run-Side,0,297.8251,7.6777577,27.578613,TRAIN
Swing-SideAngle,1,353.96448,4.7476835,22.26147,TRAIN
Swing-SideAngle,1,281.25586,5.831925,18.918995,TRAIN
Swing-Bench,2,121.79216,6.9846783,16.568169,TRAIN
Riding-Horse,3,121.147446,6.864028,16.945013,TRAIN
Kicking,6,284.39877,4.8856072,20.771744,TRAIN
Run-Side,0,165.72911,5.3690352,18.479683,TRAIN
Diving-Side,5,132.39008,2.521062,12.319706,TRAIN
Swing-SideAngle,1,336.96866,4.5329013,21.036747,TRAIN
Swing-Bench,2,358.6632,6.5079803,23.264208,TRAIN
Kicking,6,188.48022,10.529561,24.817171,TRAIN
Golf-Swing,4,352.5837,3.161657,19.54706,TRAIN
Golf-Swing,4,198.96234,5.4885716,16.89911,TRAIN
Diving-Side,5,122.39072,6.640184,15.391287,TRAIN
Golf-Swing,4,206.76953,7.8370514,19.956968,TRAIN
Riding-Horse,3,214.61812,7.5067906,21.543125,TRAIN
Kicking,6,171.0025,9.054036,22.819,TRAIN
Swing-Bench,2,178.15118,7.1881776,19.64248,TRAIN
Golf-Swing,4,292.174,4.7793303,19.404524,TRAIN
Kicking,6,201.10538,5.806043,20.02387,TRAIN
Swing-Bench,2,252.72278,4.3466697,19.546692,TRAIN
Swing-SideAngle,1,321.61285,3.3809354,18.953913,TRAIN
Run-Side,0,205.74446,4.577449,18.666216,TRAIN
Swing-Bench,2,268.12222,8.065564,21.628412,TRAIN
Diving-Side,5,480.74512,4.984656,23.414848,TRAIN
Riding-Horse,3,342.67584,3.690113,19.870844,TRAIN
Swing-Bench,2,88.74788,7.199063,16.990616,TRAIN
Golf-Swing,4,312.0329,4.0180135,18.91365,TRAIN
Kicking,6,153.36217,9.23468,21.483873,TRAIN
Swing-Bench,2,285.90036,5.839093,20.792902,TRAIN
Kicking,6,392.28433,10.177266,27.549742,TRAIN
Kicking,6,111.8288,9.79677,22.18561,TRAIN
Run-Side,0,192.72113,10.39897,25.241688,TRAIN
Golf-Swing,4,310.26367,3.7808175,18.840103,TRAIN
Kicking,6,260.5154,6.7952313,22.1935,TRAIN
Diving-Side,5,147.52766,3.1651728,13.208067,TRAIN
Swing-SideAngle,1,290.34412,4.9724307,20.166903,TRAIN
Golf-Swing,4,352.87234,3.9267323,20.767017,TRAIN
Swing-Bench,2,135.29767,7.375156,17.23356,TRAIN
Riding-Horse,3,197.99869,7.700625,21.7495,TRAIN
Kicking,6,230.51523,7.0109563,21.890684,TRAIN
Swing-SideAngle,1,314.8134,4.526576,20.611069,TRAIN
Run-Side,0,204.6051,5.0352325,19.328323,TRAIN
Golf-Swing,4,332.42456,3.6047041,19.39563,TRAIN
Diving-Side,5,227.41876,3.3066475,16.453125,TRAIN
Swing-Bench,2,144.15222,6.3293095,17.339205,TRAIN
Swing-Bench,2,424.3415,6.471662,25.729427,TRAIN
Kicking,6,165.55121,6.7770276,20.775972,TRAIN
Diving-Side,5,135.63074,4.5377083,14.512869,TRAIN
Run-Side,0,150.70282,6.636974,18.567312,TRAIN
Swing-SideAngle,1,168.63138,5.804194,17.84655,TRAIN
Kicking,6,171.36636,7.921601,20.343248,TRAIN
Riding-Horse,3,274.87677,6.969216,23.646183,TRAIN
Riding-Horse,3,255.89734,4.6873226,18.062641,TRAIN
Kicking,6,158.1701,6.697053,19.866476,TRAIN
Swing-SideAngle,1,315.6975,4.8874016,20.654806,TRAIN
Kicking,6,272.0557,7.58308,24.897932,TRAIN
Swing-SideAngle,1,193.75903,6.4489264,18.205322,TRAIN
Kicking,6,93.44779,12.935099,24.425587,TRAIN
Swing-Bench,2,307.8388,7.9180017,23.29337,TRAIN
Run-Side,0,207.24707,3.9888554,18.435198,TRAIN
Riding-Horse,3,261.64746,5.4346557,19.955156,TRAIN
Diving-Side,5,164.07533,6.6961613,16.249197,TRAIN
Swing-SideAngle,1,107.10729,5.5601344,15.789401,TRAIN
Diving-Side,5,125.12721,4.845686,14.59179,TRAIN
Golf-Swing,4,415.9451,3.621231,21.960451,TRAIN
Run-Side,0,99.568344,8.264602,18.630703,TRAIN
Kicking,6,281.34006,8.067286,23.339907,TRAIN
Swing-SideAngle,1,245.1052,3.7144086,18.383966,TRAIN
Run-Side,0,329.50058,3.6365736,20.805239,TRAIN
Kicking,6,400.3935,5.576977,24.011902,TRAIN
Swing-SideAngle,1,121.65731,6.484696,17.371088,TRAIN
Swing-Bench,2,170.0062,7.3315377,19.2523,TRAIN
Swing-SideAngle,1,144.19196,4.5017095,15.567607,TRAIN
Swing-SideAngle,1,195.97751,4.1509876,17.110956,TRAIN
Golf-Swing,4,364.17554,4.909523,21.828127,TRAIN
Swing-SideAngle,1,471.1923,4.9938498,25.273104,TRAIN
Diving-Side,5,221.01714,5.0373206,17.765884,TRAIN
Kicking,6,247.94171,5.688751,21.000925,TRAIN
Diving-Side,5,139.14061,8.131684,18.252773,TRAIN
Kicking,6,168.60751,6.324694,19.847143,TRAIN
Diving-Side,5,104.99123,6.7670927,14.980734,TRAIN
Run-Side,0,287.17465,8.13918,27.391949,TRAIN
Diving-Side,5,147.55345,4.6635256,14.651593,TRAIN
Swing-SideAngle,1,248.5379,6.8145423,21.194729,TRAIN
Run-Side,0,251.06012,3.9219534,18.71876,TRAIN
Swing-SideAngle,1,366.9215,4.145296,20.541924,TRAIN
Swing-Bench,2,440.09442,4.733239,23.690798,TRAIN
Run-Side,0,263.76166,7.1177363,25.112371,TRAIN
Riding-Horse,3,202.91505,6.288087,19.555805,TRAIN
Kicking,6,522.3308,5.828517,25.798431,TRAIN
Swing-SideAngle,1,179.16245,3.861885,16.82598,TRAIN
Diving-Side,5,114.099045,6.030347,14.853469,TRAIN
Run-Side,0,359.08594,6.357024,25.780748,TRAIN
Riding-Horse,3,352.44104,7.2616134,22.894064,TRAIN
Swing-Bench,2,124.06999,7.0831647,16.654135,TRAIN
Diving-Side,5,123.00592,4.592112,13.170617,TRAIN
Run-Side,0,183.53752,7.3020005,25.080688,TRAIN
Diving-Side,5,213.77618,4.2928286,17.686668,TRAIN
Riding-Horse,3,183.81253,4.455272,17.029615,TRAIN
Golf-Swing,4,278.00555,9.236556,20.704475,TRAIN
Riding-Horse,3,291.22565,6.0551715,20.826143,TRAIN
Swing-Bench,2,167.2794,4.789712,17.58937,TRAIN
Diving-Side,5,175.38802,4.798979,16.222532,TRAIN
Swing-Bench,2,117.086105,5.368672,15.618703,TRAIN
Diving-Side,5,111.18364,5.4430614,13.530825,TRAIN
Kicking,6,259.00848,8.000588,23.272274,TRAIN
Kicking,6,162.14024,11.565414,24.445995,TRAIN
Riding-Horse,3,172.09009,5.2008862,17.683437,TRAIN
Riding-Horse,3,329.57916,6.447322,23.17871,TRAIN
Golf-Swing,4,167.55643,5.809113,16.76968,TRAIN
Kicking,6,245.35979,5.146476,19.681831,TRAIN
Run-Side,0,205.10808,6.7547126,20.108912,TRAIN
Riding-Horse,3,152.26752,7.711721,19.428492,TRAIN
Kicking,6,151.7238,7.293624,20.690838,TRAIN
Swing-SideAngle,1,593.98425,5.467914,28.685673,TRAIN
Diving-Side,5,112.690765,5.209225,13.472244,TRAIN
Golf-Swing,4,349.19305,2.9304523,19.800884,TRAIN
Riding-Horse,3,199.6986,4.004927,17.290619,TRAIN
Riding-Horse,3,153.2421,7.793634,17.887102,TRAIN
Riding-Horse,3,191.30716,7.6861796,20.764763,TRAIN
Diving-Side,5,184.43237,2.7680295,14.593866,TRAIN
Swing-SideAngle,1,228.15161,3.4346426,17.924946,TRAIN
Riding-Horse,3,209.10683,7.3381624,18.168184,TRAIN
Kicking,6,125.534325,9.957554,22.584742,TRAIN
Golf-Swing,4,247.15143,4.1647773,17.779478,TRAIN
Riding-Horse,3,231.93796,8.1277685,20.122902,TRAIN
Swing-SideAngle,1,274.57922,3.4478297,18.649961,TRAIN
Run-Side,0,258.64038,6.2597017,24.958832,TRAIN
Kicking,6,199.56236,8.910188,22.65615,TRAIN
Swing-SideAngle,1,213.07741,5.5622582,17.570877,TRAIN
Golf-Swing,4,197.96246,8.066614,20.813091,TRAIN
Golf-Swing,4,203.93503,4.480126,15.982983,TRAIN
Golf-Swing,4,225.2645,5.6856666,17.890978,TRAIN
Riding-Horse,3,494.19604,5.511994,27.24738,TRAIN
Kicking,6,233.20929,8.4227705,25.19332,TRAIN
Run-Side,0,153.26193,8.140649,25.153212,TRAIN
Swing-SideAngle,1,158.11679,5.8499913,19.392307,TRAIN
Golf-Swing,4,311.59927,5.5012074,20.683779,TRAIN
Swing-Bench,2,367.79205,6.0719414,25.796366,TRAIN
Run-Side,0,194.87589,4.9901967,18.665241,TRAIN
Swing-SideAngle,1,275.45828,5.735932,19.203806,TRAIN
Riding-Horse,3,173.62958,9.042596,20.40117,TRAIN
Run-Side,0,164.91252,4.4911513,17.725319,TRAIN
Swing-SideAngle,1,122.57207,6.823589,17.277462,TRAIN
Swing-SideAngle,1,196.12286,5.0048842,18.08196,TRAIN
Swing-SideAngle,1,257.0066,4.062276,19.070353,TRAIN
Run-Side,0,216.90125,8.285351,25.073362,TRAIN
Golf-Swing,4,284.88342,2.5621943,17.2702,TRAIN
Golf-Swing,4,264.27045,5.627626,19.197,TRAIN
Diving-Side,5,129.72812,2.6420732,12.3781595,TRAIN
Swing-Bench,2,266.85223,6.0480237,20.321688,TRAIN
Run-Side,0,381.69812,6.4224873,27.23052,TRAIN
Diving-Side,5,344.57385,3.4279108,19.853308,TRAIN
Swing-SideAngle,1,395.67526,4.465147,23.106543,TRAIN
Riding-Horse,3,157.28886,7.4288926,18.392809,TRAIN
Swing-Bench,2,172.10141,8.886363,21.655325,TRAIN
Riding-Horse,3,158.03125,4.577394,16.560804,TRAIN
Kicking,6,136.12555,13.530131,24.906927,TRAIN
Run-Side,0,228.62128,4.5602293,19.539879,TRAIN
Swing-Bench,2,204.1148,7.2413616,20.69944,TRAIN
Riding-Horse,3,136.19873,6.213509,17.142326,TRAIN
Diving-Side,5,288.2548,4.83294,18.187204,TRAIN
Riding-Horse,3,118.833466,9.997796,19.223236,TRAIN
Swing-SideAngle,1,236.09259,5.614128,19.188547,TRAIN
Swing-Bench,2,105.28129,7.752413,16.603569,TRAIN
Diving-Side,5,89.15358,5.703738,13.838532,TRAIN
Riding-Horse,3,143.96527,8.305399,17.648605,TRAIN
Riding-Horse,3,250.07336,7.2622895,22.998098,TRAIN
Diving-Side,5,145.37354,5.288474,14.864317,TRAIN
Riding-Horse,3,226.17291,7.742983,21.335943,TRAIN
Swing-SideAngle,1,227.1693,5.916332,20.808071,TRAIN
Run-Side,0,120.10769,7.02894,18.330616,TRAIN
Kicking,6,278.18207,5.482498,20.782757,TRAIN
Swing-Bench,2,378.07294,6.1491327,25.789907,TRAIN
Kicking,6,411.96628,5.676829,25.046183,TRAIN
Riding-Horse,3,176.76395,8.368741,23.005617,TRAIN
Diving-Side,5,414.23425,5.0419884,22.137135,TRAIN
Diving-Side,5,342.4082,3.9426272,19.909729,TRAIN
Run-Side,0,288.4303,7.453443,24.541336,TRAIN
Diving-Side,5,177.25093,5.525476,17.471268,TRAIN
Diving-Side,5,156.4982,4.3773265,15.109788,TRAIN
Diving-Side,5,110.316895,4.5984297,14.140251,TRAIN
Swing-Bench,2,384.45343,4.909516,22.462332,TRAIN
Swing-SideAngle,1,129.1203,4.550012,15.777226,TRAIN
Riding-Horse,3,275.11215,6.1939955,20.283508,TRAIN
Swing-Bench,2,156.33795,6.9280524,17.713593,TRAIN
Golf-Swing,4,270.33264,4.361257,17.321033,TRAIN
Riding-Horse,3,150.76158,5.433483,17.18053,TRAIN
Golf-Swing,4,212.05365,5.020322,17.078537,TRAIN
Riding-Horse,3,194.88255,4.7823553,17.940931,TRAIN
Diving-Side,5,98.71965,5.9079137,13.240372,TRAIN
Riding-Horse,3,233.76064,5.560026,19.644625,TRAIN
Run-Side,0,334.44067,6.876193,26.973839,TRAIN
Golf-Swing,4,243.14435,7.0627565,20.63621,TRAIN
Kicking,6,323.38086,7.1276364,23.486774,TRAIN
Run-Side,0,335.29724,3.0494428,19.63628,TRAIN
Riding-Horse,3,101.14702,9.024092,17.369114,TRAIN
Riding-Horse,3,311.37424,5.1191273,20.204847,TRAIN
Diving-Side,5,75.6501,6.615759,13.893106,TRAIN
Kicking,6,252.49738,5.4084635,20.746374,TRAIN
Swing-SideAngle,1,196.8889,3.7150617,17.002224,TRAIN
Riding-Horse,3,191.97095,6.5391116,18.912258,TRAIN
Swing-SideAngle,1,184.50813,5.261314,18.75773,TRAIN
Diving-Side,5,190.75772,4.463617,15.884708,TRAIN
Riding-Horse,3,162.4233,7.951092,21.849743,TRAIN
Riding-Horse,3,137.78584,7.066297,17.852798,TRAIN
Golf-Swing,4,214.55508,3.5382538,15.962133,TRAIN
Swing-SideAngle,1,137.12714,4.557023,15.081983,TRAIN
Run-Side,0,204.8733,10.080462,25.708603,TRAIN
Riding-Horse,3,194.55331,7.4707055,18.984934,TRAIN
Swing-Bench,2,365.7207,5.028456,23.6224,TRAIN
Diving-Side,5,280.8687,4.1258435,18.37018,TRAIN
Swing-Bench,2,115.57415,7.948977,18.896946,TRAIN
Run-Side,0,347.45453,6.175928,25.302832,TRAIN
Swing-SideAngle,1,296.78265,4.5081735,20.410984,TRAIN
Diving-Side,5,165.41501,4.3043923,15.5386305,TRAIN
Riding-Horse,3,243.65009,5.4469843,18.749264,TRAIN
Riding-Horse,3,205.04715,7.622303,19.534891,TRAIN
Kicking,6,524.3596,4.4202127,25.735687,TRAIN
Riding-Horse,3,233.45956,6.066202,19.069176,TRAIN
Golf-Swing,4,170.06558,6.1769433,17.451498,TRAIN
Golf-Swing,4,191.39116,7.736312,17.480642,TRAIN
Golf-Swing,4,201.50555,4.130394,16.586565,TRAIN
Kicking,6,279.62378,4.9475746,20.369322,TRAIN
Swing-Bench,2,193.99658,5.965987,19.441381,TRAIN
Diving-Side,5,176.7846,4.4529424,14.72569,TRAIN
Golf-Swing,4,225.42972,5.1563663,17.981775,TRAIN
Kicking,6,135.4184,9.229308,20.57199,TRAIN
Swing-SideAngle,1,269.7735,4.36275,19.248837,TRAIN
Swing-Bench,2,108.02602,5.3771596,16.681343,TRAIN
Swing-Bench,2,192.63919,5.8833976,18.08344,TRAIN
Swing-Bench,2,131.04651,5.3495226,15.966801,TRAIN
Run-Side,0,416.6537,6.688183,27.34844,TRAIN
Swing-SideAngle,1,126.805885,6.3569255,17.905823,TRAIN
Swing-Bench,2,148.70145,8.936261,20.024668,TRAIN
Swing-Bench,2,112.27412,8.416955,17.33071,TRAIN
Kicking,6,250.85611,5.494998,20.673553,TRAIN
Golf-Swing,4,214.53835,8.767542,22.660402,TRAIN
Diving-Side,5,93.86656,5.2668743,12.658799,TRAIN
Swing-SideAngle,1,136.64719,5.7619915,17.832836,TRAIN
Run-Side,0,226.2414,5.845105,20.14544,TRAIN
Swing-Bench,2,140.54294,5.510974,15.879943,TRAIN
Swing-SideAngle,1,292.21332,4.0884857,18.364855,TRAIN
Diving-Side,5,202.90497,4.6257625,16.539764,TRAIN
Riding-Horse,3,112.60803,8.891657,20.81098,TRAIN
Swing-Bench,2,140.17769,5.505368,16.728273,TRAIN
Run-Side,0,187.98138,5.769075,19.33492,TRAIN
Riding-Horse,3,110.156166,7.089756,17.275385,TRAIN
Golf-Swing,4,304.09705,4.4163666,19.781586,TRAIN
Run-Side,0,295.82806,8.257678,25.150568,TRAIN
Riding-Horse,3,126.18829,6.5402904,17.480923,TRAIN
Kicking,6,196.53381,6.440056,20.346838,TRAIN
Kicking,6,316.89856,6.9662395,22.212105,TRAIN
Swing-Bench,2,239.30847,4.888293,19.623674,TRAIN
Run-Side,0,181.31015,5.5312333,18.807737,TRAIN
Riding-Horse,3,127.36721,7.532957,17.534588,TRAIN
Swing-Bench,2,186.38458,7.0744305,19.29058,TRAIN
Diving-Side,5,119.16501,6.556337,14.7202015,TRAIN
Run-Side,0,124.98521,6.4830494,18.930613,TRAIN
Diving-Side,5,397.51175,4.799006,23.092775,TRAIN
Kicking,6,326.82825,9.195477,25.211668,TRAIN
Swing-Bench,2,109.910065,6.367396,16.537857,TRAIN
Swing-SideAngle,1,120.92644,6.365444,17.357967,TRAIN
Golf-Swing,4,312.25647,2.6382592,18.072317,TRAIN
Golf-Swing,4,204.96281,6.7932153,17.934263,TRAIN
Riding-Horse,3,89.833145,7.3256187,16.615446,TRAIN
Kicking,6,243.19827,8.180949,24.787668,TRAIN
Golf-Swing,4,216.67535,5.466595,18.330372,TRAIN
Kicking,6,311.8896,10.219046,26.50191,TRAIN
Riding-Horse,3,141.30331,8.395571,19.837643,TRAIN
Kicking,6,208.1009,9.042538,24.629293,TRAIN
Diving-Side,5,157.77264,3.616343,14.583602,TRAIN
Run-Side,0,381.51312,5.77423,25.656221,TRAIN
Kicking,6,215.83319,5.5584693,20.076448,TRAIN
Golf-Swing,4,233.56287,4.8171935,17.316776,TRAIN
Golf-Swing,4,291.6585,4.178292,18.488602,TRAIN
Run-Side,0,245.99501,3.621053,18.745607,TRAIN
Swing-Bench,2,90.93597,6.4375114,15.593496,TRAIN
Riding-Horse,3,191.81993,7.608563,20.090714,TRAIN
Run-Side,0,272.75052,6.663544,25.631771,TRAIN
Kicking,6,272.1702,7.739856,22.276873,TRAIN
Run-Side,0,433.25146,6.141073,27.281109,TRAIN
Run-Side,0,220.29964,3.8570724,18.992243,TRAIN
Swing-Bench,2,195.50473,7.9175935,20.642027,TRAIN
Golf-Swing,4,135.06406,8.491342,17.132812,TRAIN
Kicking,6,264.67197,4.96612,20.210762,TRAIN
Golf-Swing,4,296.22693,5.6950316,20.005075,TRAIN
Swing-SideAngle,1,224.63358,4.2369933,16.936903,TRAIN
Diving-Side,5,121.44246,5.3753653,14.384341,TRAIN
Diving-Side,5,207.59702,5.3354316,17.794832,TRAIN
Swing-SideAngle,1,177.77808,4.276393,15.927794,TRAIN
Kicking,6,175.64163,6.5965714,20.19162,TRAIN
Diving-Side,5,321.45206,8.1448555,25.13591,TRAIN
Swing-SideAngle,1,198.71826,3.471369,17.23405,TRAIN
Swing-SideAngle,1,142.75194,6.264167,17.474562,TRAIN
Diving-Side,5,148.83833,3.5555089,13.833955,TRAIN
Kicking,6,352.1886,5.2763495,22.692963,TRAIN
Kicking,6,187.80617,5.619569,19.894932,TRAIN
Kicking,6,168.7785,6.4959183,20.250736,TRAIN
Kicking,6,267.98935,8.311257,24.65074,TRAIN
Diving-Side,5,221.01819,5.0648546,16.659391,TRAIN
Kicking,6,331.94885,4.624747,21.32228,TRAIN
Swing-Bench,2,118.86595,5.9120927,16.072582,TRAIN
Kicking,6,343.99643,7.2239566,24.882507,TRAIN
Riding-Horse,3,305.84106,4.660767,19.541697,TRAIN
Swing-SideAngle,1,163.94014,6.197571,19.081228,TRAIN
Swing-Bench,2,73.21379,7.1524153,15.951691,TRAIN
Swing-Bench,2,306.58487,5.4221473,21.241972,TRAIN
Golf-Swing,4,305.15857,6.5785737,20.63876,TRAIN
Swing-SideAngle,1,356.15726,4.4434342,20.782948,TRAIN
Run-Side,0,220.47491,5.4641347,19.765713,TRAIN
Riding-Horse,3,139.43475,8.710143,17.577013,TRAIN
Run-Side,0,226.12874,10.101397,26.90697,TRAIN
Golf-Swing,4,183.74722,8.066596,20.273474,TRAIN
Diving-Side,5,126.23564,6.792953,15.641447,TRAIN
Swing-Bench,2,155.99323,8.331898,19.205572,TRAIN
Swing-SideAngle,1,170.22974,3.8022962,16.016792,TRAIN
Swing-SideAngle,1,232.6484,5.833471,20.617357,TRAIN
Golf-Swing,4,235.9896,8.492891,24.934614,TRAIN
Swing-SideAngle,1,181.7992,5.6795635,17.577906,TRAIN
Swing-Bench,2,112.23506,5.943913,16.386532,TRAIN
Diving-Side,5,458.93213,5.385231,23.437344,TRAIN
Golf-Swing,4,402.1455,4.461883,22.725883,TRAIN
Swing-SideAngle,1,179.40613,6.670372,17.538805,TRAIN
Diving-Side,5,222.87439,4.662026,17.233482,TRAIN
Run-Side,0,319.13074,8.3951,26.862858,TRAIN
Run-Side,0,205.29175,4.612989,18.899448,TRAIN
Swing-Bench,2,160.42053,6.190266,19.073015,TRAIN
Riding-Horse,3,270.91187,6.1357017,19.420765,TRAIN
Kicking,6,274.02612,8.050056,22.52208,TRAIN
Run-Side,0,353.89822,4.178166,21.908285,TRAIN
Run-Side,0,255.95543,6.1350484,24.30718,TRAIN
Diving-Side,5,100.60573,5.1614246,12.791259,TRAIN
Swing-Bench,2,179.09308,6.2179174,16.981174,TRAIN
Diving-Side,5,87.375885,5.5277696,13.507622,TRAIN
Swing-SideAngle,1,253.89262,5.1668777,18.755224,TRAIN
Kicking,6,146.978,11.267691,24.294214,TRAIN
Golf-Swing,4,285.28955,7.688077,23.418106,TRAIN
Riding-Horse,3,150.30606,8.207155,19.038313,TRAIN
Golf-Swing,4,272.4688,5.346707,19.384956,TRAIN
Riding-Horse,3,201.82591,3.7931151,16.916584,TRAIN
Kicking,6,306.93042,4.9692287,21.059345,TRAIN
Diving-Side,5,189.24834,3.7125525,15.547855,TRAIN
Swing-SideAngle,1,255.06177,3.58472,17.839499,TRAIN
Riding-Horse,3,118.25891,9.223418,19.0736,TRAIN
Run-Side,0,231.00067,5.5618744,19.097902,TRAIN
Riding-Horse,3,156.8453,7.9434223,20.015219,TRAIN
Riding-Horse,3,148.17192,8.179312,19.047676,TRAIN
Kicking,6,196.311,9.033116,22.008018,TRAIN
Riding-Horse,3,214.43102,7.3479595,20.143787,TRAIN
Swing-Bench,2,126.66385,7.185999,18.062721,TRAIN
Swing-Bench,2,305.58167,7.7410626,21.90168,TRAIN
Diving-Side,5,326.31668,3.8830636,19.829273,TRAIN
Kicking,6,167.79349,8.400848,21.562834,TRAIN
Swing-Bench,2,201.61716,5.302656,17.37348,TRAIN
Swing-Bench,2,216.30927,4.677451,19.366295,TRAIN
Swing-Bench,2,155.27187,7.591907,18.244602,TRAIN
Swing-Bench,2,130.16176,7.3974247,18.342598,TRAIN
Diving-Side,5,164.61986,5.0159807,15.559906,TRAIN
Run-Side,0,139.05002,7.3981323,19.04073,TRAIN
Kicking,6,354.57092,6.929281,23.452988,TRAIN
Swing-SideAngle,1,171.48552,5.708666,18.33293,TRAIN
Riding-Horse,3,246.75432,3.7498887,17.578981,TRAIN
Diving-Side,5,133.09215,4.8318915,15.127858,TRAIN
Swing-Bench,2,191.37897,5.7354827,17.469778,TRAIN
Golf-Swing,4,259.5384,7.9760084,24.547552,TRAIN
Diving-Side,5,160.33563,4.5708146,15.428967,TRAIN
Swing-Bench,2,118.05377,8.689139,18.655556,TRAIN
Riding-Horse,3,216.61407,6.570794,19.507996,TRAIN
Swing-SideAngle,1,341.89688,5.230516,22.25587,TRAIN
Diving-Side,5,88.02865,4.153684,11.867631,TRAIN
Kicking,6,94.68706,9.003795,21.722155,TRAIN
Kicking,6,134.57921,8.200059,19.781393,TRAIN
Diving-Side,5,114.77191,6.8099236,14.745568,TRAIN
Swing-Bench,2,175.57498,6.966648,18.506187,TRAIN
Swing-SideAngle,1,351.79764,4.8456817,21.643902,TRAIN
Kicking,6,140.63287,13.162779,24.419409,TRAIN
Kicking,6,292.3282,7.223215,23.273424,TRAIN
Run-Side,0,122.729645,8.339014,19.337194,TRAIN
Riding-Horse,3,384.60046,2.7712512,20.217052,TRAIN
Riding-Horse,3,217.16408,6.2490063,19.957449,TRAIN
Kicking,6,229.55815,8.098474,21.644766,TRAIN
Run-Side,0,239.87463,4.939735,19.840673,TRAIN
Diving-Side,5,330.2385,7.0286894,24.11106,TRAIN
Riding-Horse,3,182.20522,7.5606723,18.543173,TRAIN
Swing-Bench,2,87.90246,8.731001,17.799623,TRAIN
Golf-Swing,4,266.0722,4.3576565,18.08828,TRAIN
Riding-Horse,3,192.96616,7.887807,20.1021,TRAIN
Swing-SideAngle,1,186.17747,5.692199,16.72624,TRAIN
Kicking,6,241.44998,5.408577,20.580248,TRAIN
Golf-Swing,4,219.06688,5.227821,17.272257,TRAIN
Riding-Horse,3,80.320755,6.2423368,15.699848,TRAIN
Golf-Swing,4,264.46664,4.2413316,17.365314,TRAIN
Riding-Horse,3,187.80247,5.8880773,17.882076,TRAIN
Golf-Swing,4,155.10196,5.7305846,16.539606,TRAIN
Kicking,6,115.4466,13.007301,24.87843,TRAIN
Kicking,6,199.75117,6.41646,20.049698,TRAIN
Golf-Swing,4,276.03864,3.7600439,17.671766,TRAIN
Swing-Bench,2,143.33214,7.915202,18.35037,TRAIN
Run-Side,0,213.33607,6.3814335,19.877586,TRAIN
Swing-Bench,2,385.6241,6.099048,25.177877,TRAIN
Swing-Bench,2,151.18307,7.142077,18.365995,TRAIN
Kicking,6,95.87189,13.042905,24.458136,TRAIN
Riding-Horse,3,199.57083,6.5790257,19.216965,TRAIN
Swing-Bench,2,256.67136,4.75217,18.943655,TRAIN
Riding-Horse,3,189.83975,8.778572,23.124214,TRAIN
Golf-Swing,4,193.23866,5.600504,16.360704,TRAIN
Swing-SideAngle,1,402.38293,3.9779382,21.649326,TRAIN
Swing-Bench,2,132.71501,7.1448627,18.603027,TRAIN
Golf-Swing,4,368.78854,3.139176,19.81344,TRAIN
Riding-Horse,3,168.11115,6.500759,17.60415,TRAIN
Diving-Side,5,234.91745,4.516259,17.515736,TRAIN
Swing-SideAngle,1,136.05652,5.481763,16.56319,TRAIN
Golf-Swing,4,181.73112,6.640828,17.671692,TRAIN
Diving-Side,5,231.33273,3.104576,16.49659,TRAIN
Swing-Bench,2,165.77388,7.358436,17.785059,TRAIN
Kicking,6,212.06691,7.3641105,23.678299,TRAIN
Golf-Swing,4,219.39717,9.115921,18.877281,TRAIN
Swing-Bench,2,166.09715,6.044845,18.529398,TRAIN
Run-Side,0,210.25786,5.4861016,18.654781,TRAIN
Run-Side,0,194.21468,7.7602396,24.949701,TRAIN
Swing-SideAngle,1,164.77939,6.872257,19.305681,TRAIN
Riding-Horse,3,101.8268,6.8910832,16.644302,TRAIN
Kicking,6,211.37085,8.721737,22.812944,TRAIN
Riding-Horse,3,282.8603,7.1716785,23.481375,TRAIN
Run-Side,0,180.12776,8.535833,26.2875,TRAIN
Kicking,6,161.47212,12.320705,25.183332,TRAIN
Run-Side,0,254.07034,4.0126915,19.305784,TRAIN
Kicking,6,165.28282,6.477247,19.88095,TRAIN
Run-Side,0,329.1316,7.9411836,28.223867,TRAIN
Run-Side,0,170.91945,7.399017,19.653608,TRAIN
Run-Side,0,160.88676,4.4245706,17.919203,TRAIN
Golf-Swing,4,352.7009,3.7639031,21.299599,TRAIN
Run-Side,0,296.4909,7.8177853,28.316233,TRAIN
Run-Side,0,175.0698,6.298615,19.068428,TRAIN
Swing-Bench,2,95.86289,7.1540885,16.715279,TRAIN
Golf-Swing,4,206.48181,8.1938715,19.077703,TRAIN
Swing-Bench,2,285.67963,5.4209933,21.371374,TRAIN
Run-Side,0,169.08487,5.3326106,18.181263,TRAIN
Diving-Side,5,159.99591,4.1193557,14.802101,TRAIN
Run-Side,0,134.75903,8.471652,25.240477,TRAIN
Kicking,6,271.8546,9.003088,24.297081,TRAIN
Diving-Side,5,265.10214,4.597194,18.067904,TRAIN
Riding-Horse,3,112.881836,6.11879,16.500393,TRAIN
Riding-Horse,3,413.47745,6.527297,25.364508,TRAIN
Swing-Bench,2,93.54947,6.2698064,16.295227,TRAIN
Golf-Swing,4,272.11554,4.176202,18.858637,TRAIN
Golf-Swing,4,290.1131,3.998217,18.248304,TRAIN
Diving-Side,5,213.6988,2.865406,15.882847,TRAIN
Golf-Swing,4,369.4179,4.171812,20.860834,TRAIN
Run-Side,0,372.9613,6.105858,26.461254,TRAIN
Run-Side,0,278.78564,6.8097515,25.717974,TRAIN
Diving-Side,5,140.15875,11.308255,24.079887,TRAIN
Run-Side,0,186.67645,5.654448,18.700827,TRAIN
Run-Side,0,384.3755,6.444212,26.841286,TRAIN
Diving-Side,5,218.98842,3.8442745,16.627056,TRAIN
Riding-Horse,3,157.64992,8.462274,19.76208,TRAIN
Run-Side,0,258.77286,7.346741,25.300827,TRAIN
Run-Side,0,237.58638,3.6212463,19.144999,TRAIN
Run-Side,0,167.32886,7.321533,19.410902,TRAIN
Diving-Side,5,95.59877,6.3246083,14.495904,TRAIN
Golf-Swing,4,258.997,5.311346,18.274015,TRAIN
Golf-Swing,4,199.41653,8.633779,21.553596,TRAIN
Golf-Swing,4,156.73206,5.7610745,16.561369,TRAIN
Diving-Side,5,161.66566,8.900226,21.118027,TRAIN
Golf-Swing,4,290.1283,3.8442981,18.244545,TRAIN
Riding-Horse,3,203.03003,4.5370507,17.504728,TRAIN
Kicking,6,346.9651,4.63628,21.790192,TRAIN
Kicking,6,393.44888,5.7343864,24.169214,TRAIN
Diving-Side,5,132.63434,12.598735,25.3825,TRAIN
Riding-Horse,3,199.12137,3.653214,17.566559,TRAIN
Run-Side,0,210.13017,4.890333,19.454376,TRAIN
Golf-Swing,4,295.69485,6.454721,21.502478,TRAIN
Golf-Swing,4,180.56934,4.3272605,15.562421,TRAIN
Riding-Horse,3,200.59302,4.413775,16.802765,TRAIN
Riding-Horse,3,201.23296,8.476755,21.23629,TRAIN
Swing-Bench,2,200.25783,6.934832,19.794926,TRAIN
Run-Side,0,278.29822,8.8851385,25.35966,TRAIN
Swing-SideAngle,1,135.79187,5.5093436,15.692483,TRAIN
Golf-Swing,4,391.10083,4.838024,21.632414,TRAIN
Run-Side,0,152.08594,6.334097,19.045788,TRAIN
Swing-SideAngle,1,167.018,4.312513,16.65108,TRAIN
Swing-SideAngle,1,323.55444,4.8231635,21.756006,TRAIN
Golf-Swing,4,325.88104,4.896027,20.077148,TRAIN
Swing-Bench,2,203.85895,5.3122506,17.680986,TRAIN
Run-Side,0,216.43051,4.465548,18.577948,TRAIN
Swing-SideAngle,1,271.17105,5.9707522,20.611479,TRAIN
Golf-Swing,4,261.29773,8.70456,19.858006,TRAIN
Run-Side,0,231.5728,4.508188,19.213013,TRAIN
Swing-Bench,2,247.61093,7.7871356,21.706161,TRAIN
Kicking,6,125.23877,9.2406025,22.319239,TRAIN
Golf-Swing,4,174.40652,6.566197,17.469744,TRAIN
Run-Side,0,192.14078,3.7592454,18.564695,TRAIN
Kicking,6,329.5067,7.9311147,23.916698,TRAIN
Kicking,6,306.6677,7.974693,22.48931,TRAIN
Swing-Bench,2,126.54384,7.5862007,17.27948,TRAIN
Diving-Side,5,125.2435,5.1809783,13.882597,TRAIN
Diving-Side,5,116.662125,5.418417,14.707623,TRAIN
Kicking,6,208.9382,8.952237,21.887033,TRAIN
Riding-Horse,3,636.62415,5.721044,28.99191,TRAIN
Riding-Horse,3,181.43112,6.9445577,18.377094,TRAIN
Swing-Bench,2,219.05252,7.9484735,20.855467,TRAIN
Kicking,6,160.68124,5.9472084,19.54723,TRAIN
Run-Side,0,148.46777,7.709258,19.284744,TRAIN
Riding-Horse,3,266.03943,5.9546046,20.702917,TRAIN
Diving-Side,5,122.66127,4.701279,14.160305,TRAIN
Run-Side,0,238.2095,6.474222,24.570364,TRAIN
Swing-SideAngle,1,217.43488,6.6560607,18.625843,TRAIN
Swing-SideAngle,1,552.03467,5.3017926,27.677967,TRAIN
Swing-Bench,2,327.56097,8.348522,24.357979,TRAIN
Run-Side,0,133.16287,8.540836,24.794128,TRAIN
Riding-Horse,3,271.65326,5.206023,20.097633,TRAIN
Diving-Side,5,193.28552,7.749966,20.683891,TRAIN
Diving-Side,5,71.417816,5.531726,12.698862,TRAIN
Swing-Bench,2,152.79883,7.136896,17.049911,TRAIN
Swing-Bench,2,329.896,5.713971,19.723871,TRAIN
Swing-Bench,2,140.6432,6.983109,19.002676,TRAIN
Run-Side,0,177.25693,9.728561,25.174223,TRAIN
Riding-Horse,3,111.55737,7.8446465,17.79447,TRAIN
Swing-Bench,2,110.22448,7.8066664,18.609953,TRAIN
Golf-Swing,4,210.15283,5.6047153,17.687086,TRAIN
Diving-Side,5,388.51703,5.9047985,23.163012,TRAIN
Run-Side,0,225.2489,4.751628,18.927814,TRAIN
Swing-Bench,2,201.82527,6.607818,20.703056,TRAIN
Kicking,6,320.59937,6.158276,23.199762,TRAIN
Riding-Horse,3,172.903,8.930492,20.553358,TRAIN
Swing-Bench,2,130.50516,6.8944263,18.128529,TRAIN
Kicking,6,186.66156,8.189883,22.283232,TRAIN
Kicking,6,224.62067,12.332683,26.58939,TRAIN
Swing-Bench,2,119.42073,6.948659,17.45858,TRAIN
Golf-Swing,4,289.83377,5.3821273,19.59072,TRAIN
Swing-Bench,2,174.2088,5.087231,19.14406,TRAIN
Golf-Swing,4,207.5799,7.7743454,21.56799,TRAIN
Swing-SideAngle,1,393.47125,3.21173,20.599869,TRAIN
Diving-Side,5,115.013855,5.511352,13.427713,TRAIN
Kicking,6,173.05531,9.24779,22.988745,TRAIN
Run-Side,0,348.95462,6.1015296,26.408588,TRAIN
Diving-Side,5,108.84004,5.0850477,12.792869,TRAIN
Swing-Bench,2,141.60791,8.21553,18.745726,TRAIN
Kicking,6,229.04059,4.742557,19.619938,TRAIN
Swing-Bench,2,157.39369,7.8903933,19.401901,TRAIN
Golf-Swing,4,465.13318,5.8999224,25.887705,VAL
Swing-SideAngle,1,233.50623,2.317125,15.448586,VAL
Riding-Horse,3,252.07335,5.6363,19.274157,VAL
Diving-Side,5,351.50873,5.1466064,20.887098,VAL
Swing-Bench,2,575.5116,5.3156204,28.172733,VAL
Diving-Side,5,448.43872,6.2561455,23.510439,VAL
Run-Side,0,547.3315,5.564473,28.770914,VAL
Swing-Bench,2,427.96808,4.840986,23.237625,VAL
Riding-Horse,3,288.72293,5.238091,20.115627,VAL
Diving-Side,5,393.4926,5.447974,22.354462,VAL
Swing-Bench,2,472.73358,4.7028193,24.366056,VAL
Kicking,6,404.4104,4.131027,22.476597,VAL
Swing-SideAngle,1,275.3084,2.8414943,17.238941,VAL
Run-Side,0,555.61304,5.089167,27.954966,VAL
Kicking,6,550.6824,3.9319086,25.07302,VAL
Riding-Horse,3,336.763,5.87768,22.207642,VAL
Swing-SideAngle,1,195.05591,4.3200316,15.162949,VAL
Golf-Swing,4,454.59595,6.1254716,25.845995,VAL
Swing-Bench,2,227.09433,6.683354,19.713167,VAL
Kicking,6,481.48633,5.210726,22.571634,VAL
Riding-Horse,3,226.52032,5.3223925,18.922825,VAL
Kicking,6,548.8187,3.7387075,24.302547,VAL
Diving-Side,5,447.85046,6.139376,22.338661,VAL
Swing-SideAngle,1,185.61505,4.456606,15.175232,VAL
Kicking,6,516.4448,4.0954266,24.430887,VAL
Run-Side,0,473.79236,5.884926,28.191904,VAL
Golf-Swing,4,353.4264,3.53561,19.581278,VAL
Riding-Horse,3,235.3646,5.848681,19.252987,VAL
Swing-Bench,2,241.45139,5.456308,19.049015,VAL
Swing-Bench,2,439.52332,5.597984,27.067211,VAL
Diving-Side,5,379.21695,5.951831,21.768713,VAL
Run-Side,0,473.24112,5.3534718,28.273483,VAL
Golf-Swing,4,361.41672,3.7396533,20.322287,VAL
Diving-Side,5,425.69257,5.9516406,22.952147,VAL
Golf-Swing,4,487.9364,6.2038336,27.040026,VAL
Swing-Bench,2,175.6073,6.77656,18.760244,VAL
Diving-Side,5,384.3641,4.1486845,20.924572,VAL
Run-Side,0,555.4435,5.7398095,28.685268,VAL
Kicking,6,552.99744,4.3094063,25.552105,VAL
Riding-Horse,3,257.16916,4.3553896,18.2114,VAL
Swing-Bench,2,436.36026,5.216635,24.988836,VAL
Kicking,6,439.037,4.2294827,24.424318,VAL
Swing-Bench,2,239.99136,6.281367,19.898413,VAL
Swing-SideAngle,1,297.29202,3.734646,18.557493,VAL
Riding-Horse,3,271.67358,5.352187,19.016808,VAL
Golf-Swing,4,453.50168,3.9588933,23.14492,VAL
Run-Side,0,467.2925,5.9796543,27.9549,VAL
Riding-Horse,3,334.6466,5.4462705,20.641888,VAL
Golf-Swing,4,370.9802,3.3263133,20.050432,VAL
Kicking,6,462.20007,4.752596,24.382225,VAL
Run-Side,0,448.47174,5.7833185,28.72234,VAL
Golf-Swing,4,444.49603,6.0762568,26.126484,VAL
Swing-SideAngle,1,316.23184,2.9371529,17.666784,VAL
Riding-Horse,3,263.96002,4.7833457,18.946148,VAL
Golf-Swing,4,331.28482,3.446248,19.006296,VAL
Swing-SideAngle,1,220.47113,2.967344,15.3518915,VAL
Run-Side,0,565.9114,5.172683,28.627693,VAL
Swing-SideAngle,1,198.57005,2.910872,14.888072,VAL
Kicking,6,506.4749,4.3878446,24.18182,VAL
Golf-Swing,4,477.45648,5.689905,24.525194,VAL
Swing-Bench,2,163.68872,7.1210523,18.491467,VAL
Riding-Horse,3,340.89163,5.6717305,22.204912,VAL
Diving-Side,5,373.7664,3.75832,20.279333,VAL
Swing-SideAngle,1,307.77094,3.1439698,17.776358,VAL
Diving-Side,5,496.22998,6.447754,22.62018,VAL
Kicking,6,467.67365,4.4414473,23.699383,VAL
Run-Side,0,507.00043,6.0502434,28.43602,VAL
Diving-Side,5,440.8833,6.4241047,21.76065,VAL
Swing-SideAngle,1,194.44887,3.6841052,15.814269,VAL
Run-Side,0,505.5297,5.4936533,27.72854,VAL
Golf-Swing,4,303.01947,5.9936867,20.075928,TEST
Swing-Bench,2,500.49432,5.3174157,26.133213,TEST
Golf-Swing,4,263.61548,5.457664,18.961746,TEST
Kicking,6,508.92035,5.2297945,25.22885,TEST
Golf-Swing,4,467.04633,3.5540826,21.733505,TEST
Diving-Side,5,389.78387,3.8902893,21.084517,TEST
Swing-SideAngle,1,220.03087,3.7235892,16.635653,TEST
Run-Side,0,365.4098,4.2070613,21.299208,TEST
Riding-Horse,3,664.27814,3.9919024,26.75563,TEST
Run-Side,0,701.63196,3.2395027,26.308987,TEST
Swing-Bench,2,179.56845,6.0495973,18.174469,TEST
Riding-Horse,3,218.08215,5.3168635,18.980007,TEST
Swing-SideAngle,1,252.77011,3.2311137,16.562515,TEST
Run-Side,0,556.59705,3.8050237,24.39678,TEST
Kicking,6,550.49567,4.187591,23.997458,TEST
Golf-Swing,4,355.23434,3.6291072,19.496626,TEST
Riding-Horse,3,403.31036,4.8793497,22.19494,TEST
Swing-Bench,2,127.833755,7.970967,18.612879,TEST
Golf-Swing,4,536.1531,3.5833027,23.538364,TEST
Kicking,6,523.48456,3.4427307,22.812588,TEST
Swing-Bench,2,270.06073,6.9114146,21.605745,TEST
Swing-SideAngle,1,307.9601,5.0014796,20.154276,TEST
Run-Side,0,513.46954,5.8525286,25.035769,TEST
Swing-SideAngle,1,225.70555,2.8809772,15.541742,TEST
Swing-Bench,2,176.65569,6.9267163,18.281504,TEST
Golf-Swing,4,308.56213,5.1781836,19.196878,TEST
Swing-Bench,2,719.1571,5.620452,27.355282,TEST
Riding-Horse,3,747.6907,4.036703,28.79626,TEST
Swing-Bench,2,145.87463,6.973496,17.461233,TEST
Golf-Swing,4,261.00336,4.7105665,17.408882,TEST
Swing-Bench,2,151.62929,7.265222,17.784187,TEST
Kicking,6,538.1636,3.9899654,23.48877,TEST
Diving-Side,5,245.68375,3.9027781,17.354961,TEST
Riding-Horse,3,674.93475,3.8373806,27.677303,TEST
Kicking,6,415.51843,6.8646255,25.462688,TEST
Kicking,6,479.14206,5.103921,24.66131,TEST
Kicking,6,552.21594,3.977867,23.566683,TEST
Kicking,6,542.3799,4.247375,23.883682,TEST
SkateBoarding-Front,,716.026,,,ANOMALY
SkateBoarding-Front,,655.22003,,,ANOMALY
Walk-Front,,468.7606,,,ANOMALY
Lifting,,707.59045,,,ANOMALY
SkateBoarding-Front,,666.9778,,,ANOMALY
Walk-Front,,760.75037,,,ANOMALY
Walk-Front,,716.2842,,,ANOMALY
Walk-Front,,679.89655,,,ANOMALY
Lifting,,718.78973,,,ANOMALY
Walk-Front,,443.2658,,,ANOMALY
SkateBoarding-Front,,746.63855,,,ANOMALY
Walk-Front,,784.77844,,,ANOMALY
Walk-Front,,681.6044,,,ANOMALY
SkateBoarding-Front,,660.187,,,ANOMALY
Walk-Front,,715.244,,,ANOMALY
Walk-Front,,701.9416,,,ANOMALY
Lifting,,719.9878,,,ANOMALY
Walk-Front,,734.8363,,,ANOMALY
Walk-Front,,717.0298,,,ANOMALY
Walk-Front,,662.90625,,,ANOMALY
SkateBoarding-Front,,691.50696,,,ANOMALY
Lifting,,695.2121,,,ANOMALY
Walk-Front,,664.9326,,,ANOMALY
Walk-Front,,629.0645,,,ANOMALY
Walk-Front,,702.71924,,,ANOMALY
Walk-Front,,652.56866,,,ANOMALY
Lifting,,756.05896,,,ANOMALY
SkateBoarding-Front,,716.8318,,,ANOMALY
Walk-Front,,748.1633,,,ANOMALY
Walk-Front,,707.6382,,,ANOMALY
SkateBoarding-Front,,745.8645,,,ANOMALY
SkateBoarding-Front,,708.3006,,,ANOMALY
SkateBoarding-Front,,653.6058,,,ANOMALY
Walk-Front,,719.7029,,,ANOMALY
SkateBoarding-Front,,696.5705,,,ANOMALY
Walk-Front,,728.3009,,,ANOMALY
Walk-Front,,370.8839,,,ANOMALY
Lifting,,722.4495,,,ANOMALY
Walk-Front,,375.56525,,,ANOMALY
SkateBoarding-Front,,697.41235,,,ANOMALY
